{
    "average_optimal_targets": {
        "yield": {
            "average": 98.03200000000001,
            "average_normalized": 0.9803200000000001,
            "std": 2.629946007050335,
            "std_normalized": 0.026299460070503322
        },
        "cost": {
            "average": 0.0225702459,
            "average_normalized": 0.9548595082,
            "std": 0.002357003542299055,
            "std_normalized": 0.004714007084598112
        },
        "hypervolume": {
            "average_normalized": 0.9707078255823054,
            "std_normalized": 0.024848837280210687,
            "total_hv": 1.1566615574040002
        }
    },
    "auc_of_optimization": {
        "yield": {
            "average": 754.5705,
            "average_normalized": 0.7545705,
            "std": 48.00029637668916,
            "std_normalized": 0.04800029637668917
        },
        "cost": {
            "average": 4.26513668195,
            "average_normalized": 0.8530273363900001,
            "std": 0.034397100332577674,
            "std_normalized": 0.006879420066515525
        },
        "hypervolume": {
            "average": 8.576762657539271,
            "average_normalized": 0.7415101334212986,
            "std": 0.5336956388002259,
            "std_normalized": 0.04614103714124007,
            "total_hv": 1.1566615574040002
        }
    }
}