{
    "average_optimal_targets": {
        "yield": {
            "average": 94.486,
            "average_normalized": 0.9448599999999999,
            "std": 9.07366651359857,
            "std_normalized": 0.09073666513598568
        },
        "cost": {
            "average": 0.0252017579,
            "average_normalized": 0.9495964842,
            "std": 0.005625380227558622,
            "std_normalized": 0.01125076045511726
        },
        "hypervolume": {
            "average_normalized": 0.9278294969439507,
            "std_normalized": 0.09105019512836678,
            "total_hv": 1.1566615574040002
        }
    },
    "auc_of_optimization": {
        "yield": {
            "average": 737.6835000000001,
            "average_normalized": 0.7376834999999999,
            "std": 127.06149595864989,
            "std_normalized": 0.1270614959586499
        },
        "cost": {
            "average": 4.19046128525,
            "average_normalized": 0.8380922570500001,
            "std": 0.15908716365268175,
            "std_normalized": 0.03181743273053635
        },
        "hypervolume": {
            "average": 8.259225860447511,
            "average_normalized": 0.714057263127551,
            "std": 1.4828397692918802,
            "std_normalized": 0.12819996997392663,
            "total_hv": 1.1566615574040002
        }
    }
}