{
    "average_optimal_targets": {
        "yield": {
            "average": 0.8532929985000001,
            "average_normalized": 0.8532929985000001,
            "std": 0.16180364421158688,
            "std_normalized": 0.16180364421158688
        },
        "ee": {
            "average": 0.7490781655000001,
            "average_normalized": 0.7490781655000001,
            "std": 0.08133011040421396,
            "std_normalized": 0.08133011040421396
        },
        "hypervolume": {
            "average_normalized": 0.7771529392565468,
            "std_normalized": 0.1783276890879886,
            "total_hv": 0.9397311948740874
        }
    },
    "auc_of_optimization": {
        "yield": {
            "average": 6.1443381453,
            "average_normalized": 0.6144338145300001,
            "std": 1.5897552358578677,
            "std_normalized": 0.1589755235857868
        },
        "ee": {
            "average": 6.27645965685,
            "average_normalized": 0.627645965685,
            "std": 0.702139743777532,
            "std_normalized": 0.0702139743777532
        },
        "hypervolume": {
            "average": 5.14048249805942,
            "average_normalized": 0.5470162665769739,
            "std": 1.5132106265744334,
            "std_normalized": 0.16102590132460007,
            "total_hv": 0.9397311948740874
        }
    }
}