{
    "average_optimal_targets": {
        "yield": {
            "average": 99.087,
            "average_normalized": 0.9908699999999999,
            "std": 2.606718435121064,
            "std_normalized": 0.026067184351210637
        },
        "cost": {
            "average": 0.026568838700000003,
            "average_normalized": 0.9468623225999998,
            "std": 0.0056815482148475,
            "std_normalized": 0.011363096429695019
        },
        "hypervolume": {
            "average_normalized": 0.9670779710860231,
            "std_normalized": 0.020135497708240562,
            "total_hv": 1.1566615574040002
        }
    },
    "auc_of_optimization": {
        "yield": {
            "average": 849.0885000000001,
            "average_normalized": 0.8490885,
            "std": 40.85667510028198,
            "std_normalized": 0.04085667510028195
        },
        "cost": {
            "average": 4.1821442084500005,
            "average_normalized": 0.8364288416899999,
            "std": 0.0586663622069605,
            "std_normalized": 0.01173327244139209
        },
        "hypervolume": {
            "average": 9.523139952495171,
            "average_normalized": 0.8233298575141385,
            "std": 0.33690723790667926,
            "std_normalized": 0.029127555571469885,
            "total_hv": 1.1566615574040002
        }
    }
}