{
    "average_optimal_targets": {
        "yield": {
            "average": 97.701,
            "average_normalized": 0.9770099999999999,
            "std": 4.459498738647653,
            "std_normalized": 0.04459498738647651
        },
        "cost": {
            "average": 0.0248473429,
            "average_normalized": 0.9503053141999999,
            "std": 0.004898495577250948,
            "std_normalized": 0.009796991154501899
        },
        "hypervolume": {
            "average_normalized": 0.9647229683085179,
            "std_normalized": 0.03917790112557706,
            "total_hv": 1.1566615574040002
        }
    },
    "auc_of_optimization": {
        "yield": {
            "average": 833.0054999999999,
            "average_normalized": 0.8330055,
            "std": 46.62664669746261,
            "std_normalized": 0.04662664669746259
        },
        "cost": {
            "average": 4.221080360949999,
            "average_normalized": 0.84421607219,
            "std": 0.06976640967111648,
            "std_normalized": 0.013953281934223315
        },
        "hypervolume": {
            "average": 9.412015997882042,
            "average_normalized": 0.81372255675258,
            "std": 0.45090362081469393,
            "std_normalized": 0.03898319417018557,
            "total_hv": 1.1566615574040002
        }
    }
}