{
    "average_optimal_targets": {
        "yield": {
            "average": 95.974,
            "average_normalized": 0.95974,
            "std": 4.919636571943095,
            "std_normalized": 0.049196365719430944
        },
        "cost": {
            "average": 0.0252404831,
            "average_normalized": 0.9495190337999999,
            "std": 0.004585459212376933,
            "std_normalized": 0.009170918424753859
        },
        "hypervolume": {
            "average_normalized": 0.9511700144906842,
            "std_normalized": 0.03973081987778832,
            "total_hv": 1.1566615574040002
        }
    },
    "auc_of_optimization": {
        "yield": {
            "average": 782.835,
            "average_normalized": 0.782835,
            "std": 97.55178286428186,
            "std_normalized": 0.09755178286428186
        },
        "cost": {
            "average": 4.227121243499999,
            "average_normalized": 0.8454242487,
            "std": 0.04754391847453034,
            "std_normalized": 0.009508783694906068
        },
        "hypervolume": {
            "average": 8.920144601579333,
            "average_normalized": 0.7711974643299824,
            "std": 0.912013458111672,
            "std_normalized": 0.0788487740665114,
            "total_hv": 1.1566615574040002
        }
    }
}