{
    "average_optimal_targets": {
        "yield": {
            "average": 89.17,
            "average_normalized": 0.8917,
            "std": 0.0,
            "std_normalized": 0.0
        },
        "cost": {
            "average": 0.026484397,
            "average_normalized": 0.947031206,
            "std": 0.0,
            "std_normalized": 0.0
        },
        "hypervolume": {
            "average_normalized": 0.8937121021978778,
            "std_normalized": 0.0,
            "total_hv": 1.1566615574040002
        }
    },
    "auc_of_optimization": {
        "yield": {
            "average": 756.27,
            "average_normalized": 0.75627,
            "std": 0.0,
            "std_normalized": 0.0
        },
        "cost": {
            "average": 4.2452837045,
            "average_normalized": 0.8490567409,
            "std": 0.0,
            "std_normalized": 0.0
        },
        "hypervolume": {
            "average": 8.781093826819001,
            "average_normalized": 0.7591757304122048,
            "std": 0.0,
            "std_normalized": 0.0,
            "total_hv": 1.1566615574040002
        }
    }
}