{
    "average_optimal_targets": {
        "yield": {
            "average": 96.864,
            "average_normalized": 0.9686400000000001,
            "std": 4.790839592388792,
            "std_normalized": 0.04790839592388791
        },
        "cost": {
            "average": 0.0243204396,
            "average_normalized": 0.9513591208,
            "std": 0.0035066075302606415,
            "std_normalized": 0.007013215060521304
        },
        "hypervolume": {
            "average_normalized": 0.9592031676672228,
            "std_normalized": 0.04165455017005113,
            "total_hv": 1.1566615574040002
        }
    },
    "auc_of_optimization": {
        "yield": {
            "average": 821.942,
            "average_normalized": 0.821942,
            "std": 60.60418909613431,
            "std_normalized": 0.060604189096134305
        },
        "cost": {
            "average": 4.243101230700001,
            "average_normalized": 0.84862024614,
            "std": 0.029367416709023934,
            "std_normalized": 0.005873483341804769
        },
        "hypervolume": {
            "average": 9.315849680196603,
            "average_normalized": 0.8054084291609902,
            "std": 0.561354456962222,
            "std_normalized": 0.04853229999466053,
            "total_hv": 1.1566615574040002
        }
    }
}