{
  "85": {
    "threshold": 85,
    "n_simulations": 1000,
    "mean": 22.716,
    "median": 16.0,
    "std": 24.48957623153165,
    "min": 1,
    "max": 158
  },
  "86": {
    "threshold": 86,
    "n_simulations": 1000,
    "mean": 23.317,
    "median": 17.0,
    "std": 24.480778398572216,
    "min": 1,
    "max": 158
  },
  "87": {
    "threshold": 87,
    "n_simulations": 1000,
    "mean": 23.584,
    "median": 18.0,
    "std": 24.450949756604544,
    "min": 1,
    "max": 158
  },
  "88": {
    "threshold": 88,
    "n_simulations": 1000,
    "mean": 24.129,
    "median": 18.0,
    "std": 24.296344560447768,
    "min": 1,
    "max": 158
  },
  "89": {
    "threshold": 89,
    "n_simulations": 1000,
    "mean": 26.684,
    "median": 19.0,
    "std": 27.774955337497847,
    "min": 1,
    "max": 212
  },
  "90": {
    "threshold": 90,
    "n_simulations": 1000,
    "mean": 27.184,
    "median": 20.0,
    "std": 27.782155135986123,
    "min": 1,
    "max": 212
  },
  "91": {
    "threshold": 91,
    "n_simulations": 1000,
    "mean": 28.116,
    "median": 21.5,
    "std": 27.73078693438035,
    "min": 1,
    "max": 212
  },
  "92": {
    "threshold": 92,
    "n_simulations": 1000,
    "mean": 29.703,
    "median": 22.0,
    "std": 27.814974222529848,
    "min": 1,
    "max": 217
  },
  "93": {
    "threshold": 93,
    "n_simulations": 1000,
    "mean": 32.989,
    "median": 25.0,
    "std": 32.03024943705559,
    "min": 1,
    "max": 250
  },
  "94": {
    "threshold": 94,
    "n_simulations": 1000,
    "mean": 36.728,
    "median": 27.0,
    "std": 34.447990013932596,
    "min": 1,
    "max": 280
  },
  "95": {
    "threshold": 95,
    "n_simulations": 1000,
    "mean": 41.52,
    "median": 32.0,
    "std": 35.95279683140103,
    "min": 1,
    "max": 280
  },
  "96": {
    "threshold": 96,
    "n_simulations": 1000,
    "mean": 45.274,
    "median": 35.0,
    "std": 36.76292866462083,
    "min": 1,
    "max": 280
  },
  "97": {
    "threshold": 97,
    "n_simulations": 1000,
    "mean": 73.113,
    "median": 54.0,
    "std": 58.85106822310025,
    "min": 1,
    "max": 337
  }
}