{
  "80": {
    "threshold": 80,
    "n_simulations": 1000,
    "mean": 17.927,
    "median": 13.0,
    "std": 19.44180215412141,
    "min": 1,
    "max": 132
  },
  "82": {
    "threshold": 82,
    "n_simulations": 1000,
    "mean": 20.768,
    "median": 14.0,
    "std": 23.381748779764102,
    "min": 1,
    "max": 155
  },
  "84": {
    "threshold": 84,
    "n_simulations": 1000,
    "mean": 22.214,
    "median": 15.5,
    "std": 24.18793509169396,
    "min": 1,
    "max": 158
  },
  "86": {
    "threshold": 86,
    "n_simulations": 1000,
    "mean": 23.317,
    "median": 17.0,
    "std": 24.480778398572216,
    "min": 1,
    "max": 158
  },
  "88": {
    "threshold": 88,
    "n_simulations": 1000,
    "mean": 24.129,
    "median": 18.0,
    "std": 24.296344560447768,
    "min": 1,
    "max": 158
  },
  "90": {
    "threshold": 90,
    "n_simulations": 1000,
    "mean": 27.184,
    "median": 20.0,
    "std": 27.782155135986123,
    "min": 1,
    "max": 212
  },
  "91": {
    "threshold": 91,
    "n_simulations": 1000,
    "mean": 28.116,
    "median": 21.5,
    "std": 27.73078693438035,
    "min": 1,
    "max": 212
  },
  "92": {
    "threshold": 92,
    "n_simulations": 1000,
    "mean": 29.703,
    "median": 22.0,
    "std": 27.814974222529848,
    "min": 1,
    "max": 217
  },
  "93": {
    "threshold": 93,
    "n_simulations": 1000,
    "mean": 32.989,
    "median": 25.0,
    "std": 32.03024943705559,
    "min": 1,
    "max": 250
  },
  "94": {
    "threshold": 94,
    "n_simulations": 1000,
    "mean": 36.728,
    "median": 27.0,
    "std": 34.447990013932596,
    "min": 1,
    "max": 280
  },
  "95": {
    "threshold": 95,
    "n_simulations": 1000,
    "mean": 41.52,
    "median": 32.0,
    "std": 35.95279683140103,
    "min": 1,
    "max": 280
  }
}