{
  "0.8": {
    "threshold": 0.8,
    "n_simulations": 100,
    "mean": 25.52,
    "median": 20.0,
    "std": 15.89306767115776,
    "min": 4,
    "max": 88
  },
  "0.8200000000000001": {
    "threshold": 0.8200000000000001,
    "n_simulations": 100,
    "mean": 27.7,
    "median": 21.0,
    "std": 17.414649005937502,
    "min": 4,
    "max": 99
  },
  "0.8400000000000001": {
    "threshold": 0.8400000000000001,
    "n_simulations": 100,
    "mean": 37.06,
    "median": 26.5,
    "std": 30.225757227900843,
    "min": 7,
    "max": 242
  },
  "0.8600000000000001": {
    "threshold": 0.8600000000000001,
    "n_simulations": 100,
    "mean": 45.47,
    "median": 32.0,
    "std": 46.39492536905303,
    "min": 8,
    "max": 339
  },
  "0.8800000000000001": {
    "threshold": 0.8800000000000001,
    "n_simulations": 100,
    "mean": 56.94,
    "median": 38.0,
    "std": 57.03592201411317,
    "min": 10,
    "max": 347
  },
  "0.9000000000000001": {
    "threshold": 0.9000000000000001,
    "n_simulations": 100,
    "mean": 59.9,
    "median": 41.5,
    "std": 56.040788716790914,
    "min": 13,
    "max": 347
  },
  "0.9200000000000002": {
    "threshold": 0.9200000000000002,
    "n_simulations": 100,
    "mean": 63.41,
    "median": 48.0,
    "std": 55.44566619673714,
    "min": 14,
    "max": 347
  },
  "0.9400000000000002": {
    "threshold": 0.9400000000000002,
    "n_simulations": 100,
    "mean": 125.26,
    "median": 72.5,
    "std": 109.20948859874768,
    "min": 14,
    "max": 435
  }
}