{
  "85": {
    "threshold": 85,
    "n_simulations": 100,
    "mean": 15.59,
    "median": 12.0,
    "std": 14.142202798715623,
    "min": 1,
    "max": 75,
    "percentile_25": 5.75,
    "percentile_75": 24.0,
    "percentile_90": 29.10000000000001,
    "percentile_95": 33.54999999999997,
    "all_results": [
      5,
      1,
      1,
      2,
      44,
      17,
      67,
      1,
      16,
      9,
      1,
      9,
      21,
      17,
      14,
      13,
      33,
      30,
      6,
      23,
      7,
      6,
      2,
      13,
      17,
      9,
      27,
      9,
      27,
      20,
      7,
      1,
      27,
      16,
      4,
      20,
      24,
      10,
      2,
      6,
      67,
      1,
      16,
      18,
      3,
      24,
      2,
      28,
      15,
      26,
      27,
      5,
      29,
      6,
      20,
      13,
      30,
      5,
      5,
      28,
      7,
      33,
      1,
      14,
      75,
      19,
      24,
      27,
      6,
      1,
      46,
      5,
      24,
      27,
      1,
      19,
      33,
      11,
      10,
      17,
      6,
      8,
      29,
      2,
      8,
      7,
      23,
      2,
      9,
      14,
      6,
      9,
      10,
      24,
      4,
      9,
      24,
      1,
      7,
      5
    ]
  },
  "86": {
    "threshold": 86,
    "n_simulations": 100,
    "mean": 16.74,
    "median": 13.5,
    "std": 14.61616912874232,
    "min": 1,
    "max": 75,
    "percentile_25": 6.0,
    "percentile_75": 24.5,
    "percentile_90": 31.200000000000017,
    "percentile_95": 44.099999999999994,
    "all_results": [
      5,
      1,
      1,
      2,
      44,
      17,
      67,
      1,
      16,
      9,
      1,
      9,
      21,
      31,
      27,
      13,
      33,
      30,
      6,
      51,
      7,
      6,
      2,
      13,
      17,
      9,
      27,
      9,
      27,
      20,
      7,
      1,
      27,
      16,
      4,
      20,
      24,
      10,
      2,
      6,
      67,
      19,
      16,
      18,
      3,
      24,
      2,
      28,
      15,
      26,
      27,
      5,
      29,
      6,
      20,
      13,
      30,
      7,
      5,
      28,
      7,
      33,
      1,
      14,
      75,
      19,
      24,
      27,
      6,
      1,
      46,
      35,
      24,
      27,
      1,
      19,
      33,
      11,
      10,
      17,
      6,
      8,
      29,
      2,
      8,
      7,
      23,
      2,
      9,
      14,
      16,
      9,
      10,
      24,
      4,
      9,
      24,
      1,
      7,
      5
    ]
  },
  "87": {
    "threshold": 87,
    "n_simulations": 100,
    "mean": 17.66,
    "median": 15.0,
    "std": 14.846696602274866,
    "min": 1,
    "max": 78,
    "percentile_25": 6.75,
    "percentile_75": 27.0,
    "percentile_90": 33.0,
    "percentile_95": 44.099999999999994,
    "all_results": [
      5,
      1,
      1,
      2,
      44,
      27,
      67,
      1,
      16,
      9,
      1,
      9,
      21,
      31,
      27,
      13,
      33,
      43,
      6,
      51,
      7,
      6,
      2,
      13,
      17,
      21,
      27,
      9,
      27,
      20,
      7,
      1,
      27,
      16,
      4,
      20,
      24,
      10,
      2,
      6,
      67,
      19,
      16,
      18,
      3,
      24,
      2,
      28,
      17,
      26,
      27,
      5,
      29,
      6,
      20,
      13,
      30,
      7,
      5,
      28,
      7,
      33,
      1,
      14,
      78,
      19,
      24,
      27,
      6,
      1,
      46,
      41,
      24,
      27,
      1,
      19,
      33,
      11,
      10,
      17,
      9,
      8,
      29,
      13,
      11,
      7,
      23,
      2,
      9,
      14,
      16,
      9,
      10,
      24,
      29,
      9,
      24,
      5,
      7,
      5
    ]
  },
  "88": {
    "threshold": 88,
    "n_simulations": 100,
    "mean": 17.92,
    "median": 16.0,
    "std": 14.835551894014595,
    "min": 1,
    "max": 78,
    "percentile_25": 7.0,
    "percentile_75": 27.0,
    "percentile_90": 33.0,
    "percentile_95": 44.099999999999994,
    "all_results": [
      5,
      1,
      1,
      2,
      44,
      34,
      67,
      1,
      16,
      9,
      7,
      9,
      21,
      31,
      27,
      13,
      33,
      43,
      6,
      51,
      7,
      6,
      2,
      13,
      17,
      21,
      27,
      9,
      27,
      20,
      7,
      1,
      27,
      16,
      4,
      20,
      24,
      10,
      2,
      6,
      67,
      19,
      16,
      18,
      3,
      24,
      2,
      28,
      17,
      26,
      27,
      5,
      30,
      6,
      20,
      13,
      30,
      7,
      5,
      28,
      7,
      33,
      1,
      14,
      78,
      19,
      24,
      27,
      6,
      2,
      46,
      41,
      24,
      27,
      1,
      19,
      33,
      21,
      10,
      18,
      9,
      8,
      29,
      13,
      11,
      7,
      23,
      2,
      9,
      14,
      16,
      9,
      10,
      24,
      29,
      9,
      24,
      5,
      7,
      5
    ]
  },
  "89": {
    "threshold": 89,
    "n_simulations": 100,
    "mean": 19.26,
    "median": 17.0,
    "std": 15.438018007503425,
    "min": 1,
    "max": 84,
    "percentile_25": 7.0,
    "percentile_75": 27.0,
    "percentile_90": 34.300000000000026,
    "percentile_95": 46.249999999999986,
    "all_results": [
      5,
      1,
      1,
      2,
      57,
      34,
      67,
      1,
      31,
      9,
      7,
      17,
      21,
      31,
      27,
      13,
      33,
      43,
      6,
      51,
      7,
      6,
      13,
      13,
      17,
      21,
      27,
      9,
      27,
      29,
      17,
      1,
      28,
      16,
      14,
      20,
      24,
      10,
      2,
      6,
      67,
      26,
      16,
      18,
      3,
      24,
      2,
      28,
      17,
      26,
      40,
      5,
      30,
      6,
      20,
      13,
      30,
      7,
      9,
      28,
      7,
      33,
      2,
      14,
      84,
      20,
      24,
      27,
      6,
      2,
      46,
      41,
      24,
      27,
      1,
      19,
      33,
      24,
      10,
      37,
      9,
      8,
      29,
      13,
      11,
      7,
      23,
      2,
      9,
      14,
      17,
      9,
      10,
      24,
      29,
      10,
      24,
      6,
      7,
      5
    ]
  },
  "90": {
    "threshold": 90,
    "n_simulations": 100,
    "mean": 19.98,
    "median": 17.0,
    "std": 15.477713009356389,
    "min": 1,
    "max": 84,
    "percentile_25": 7.75,
    "percentile_75": 27.25,
    "percentile_90": 37.400000000000034,
    "percentile_95": 46.249999999999986,
    "all_results": [
      5,
      1,
      1,
      2,
      57,
      34,
      67,
      8,
      34,
      9,
      7,
      17,
      21,
      33,
      27,
      13,
      33,
      43,
      6,
      51,
      17,
      6,
      13,
      13,
      28,
      21,
      27,
      9,
      27,
      29,
      17,
      6,
      41,
      27,
      14,
      20,
      24,
      10,
      2,
      6,
      67,
      27,
      16,
      18,
      3,
      24,
      2,
      28,
      17,
      26,
      41,
      5,
      30,
      6,
      20,
      17,
      30,
      7,
      9,
      28,
      7,
      33,
      2,
      14,
      84,
      20,
      24,
      27,
      6,
      2,
      46,
      41,
      24,
      27,
      1,
      23,
      33,
      24,
      10,
      37,
      9,
      8,
      29,
      13,
      11,
      7,
      23,
      2,
      9,
      14,
      17,
      9,
      10,
      24,
      29,
      10,
      24,
      6,
      7,
      5
    ]
  },
  "91": {
    "threshold": 91,
    "n_simulations": 100,
    "mean": 21.33,
    "median": 17.5,
    "std": 16.05743130142552,
    "min": 1,
    "max": 84,
    "percentile_25": 9.0,
    "percentile_75": 29.0,
    "percentile_90": 41.0,
    "percentile_95": 51.19999999999999,