{
    "90": {
        "threshold": 90,
        "n_simulations": 1000,
        "mean": 24.131,
        "median": 17.0,
        "std": 26.224794355723745,
        "min": 1,
        "max": 193
    },
    "91": {
        "threshold": 91,
        "n_simulations": 1000,
        "mean": 27.194,
        "median": 19.0,
        "std": 29.88096993071008,
        "min": 1,
        "max": 220
    },
    "92": {
        "threshold": 92,
        "n_simulations": 1000,
        "mean": 30.534,
        "median": 20.0,
        "std": 33.98851047045163,
        "min": 1,
        "max": 220
    },
    "93": {
        "threshold": 93,
        "n_simulations": 1000,
        "mean": 33.717,
        "median": 24.0,
        "std": 36.307697682447454,
        "min": 1,
        "max": 237
    },
    "94": {
        "threshold": 94,
        "n_simulations": 1000,
        "mean": 37.13,
        "median": 27.0,
        "std": 36.671993400959266,
        "min": 1,
        "max": 237
    },
    "95": {
        "threshold": 95,
        "n_simulations": 1000,
        "mean": 39.534,
        "median": 29.0,
        "std": 36.86666304400223,
        "min": 1,
        "max": 237
    },
    "96": {
        "threshold": 96,
        "n_simulations": 1000,
        "mean": 51.578,
        "median": 35.0,
        "std": 45.569989203422026,
        "min": 1,
        "max": 238
    },
    "97": {
        "threshold": 97,
        "n_simulations": 1000,
        "mean": 111.366,
        "median": 63.0,
        "std": 204.83365456877442,
        "min": 1,
        "max": 1630
    },
    "98": {
        "threshold": 98,
        "n_simulations": 1000,
        "mean": 111.366,
        "median": 63.0,
        "std": 204.83365456877442,
        "min": 1,
        "max": 1630
    },
    "99": {
        "threshold": 99,
        "n_simulations": 1000,
        "mean": 988.187,
        "median": 953.0,
        "std": 252.36390397796592,
        "min": 419,
        "max": 1761
    }
}