{
  "0.55": {
    "threshold": 0.55,
    "n_simulations": 100,
    "mean": 12.48,
    "median": 13.5,
    "std": 7.422236859599671,
    "min": 1,
    "max": 34
  },
  "0.6": {
    "threshold": 0.6,
    "n_simulations": 100,
    "mean": 13.46,
    "median": 14.0,
    "std": 7.742635210314379,
    "min": 1,
    "max": 34
  },
  "0.65": {
    "threshold": 0.65,
    "n_simulations": 100,
    "mean": 14.83,
    "median": 16.0,
    "std": 7.556526980035207,
    "min": 1,
    "max": 34
  },
  "0.7": {
    "threshold": 0.7,
    "n_simulations": 100,
    "mean": 16.74,
    "median": 16.0,
    "std": 9.655692621453937,
    "min": 1,
    "max": 50
  },
  "0.75": {
    "threshold": 0.75,
    "n_simulations": 100,
    "mean": 20.16,
    "median": 18.0,
    "std": 11.936264072145857,
    "min": 1,
    "max": 61
  },
  "0.8": {
    "threshold": 0.8,
    "n_simulations": 100,
    "mean": 25.52,
    "median": 20.0,
    "std": 15.89306767115776,
    "min": 4,
    "max": 88
  },
  "0.85": {
    "threshold": 0.85,
    "n_simulations": 100,
    "mean": 44.06,
    "median": 29.0,
    "std": 46.45725347026016,
    "min": 7,
    "max": 339
  },
  "0.86": {
    "threshold": 0.86,
    "n_simulations": 100,
    "mean": 45.47,
    "median": 32.0,
    "std": 46.39492536905303,
    "min": 8,
    "max": 339
  },
  "0.87": {
    "threshold": 0.87,
    "n_simulations": 100,
    "mean": 47.45,
    "median": 32.0,
    "std": 48.274708699276474,
    "min": 8,
    "max": 347
  },
  "0.88": {
    "threshold": 0.88,
    "n_simulations": 100,
    "mean": 56.94,
    "median": 38.0,
    "std": 57.03592201411317,
    "min": 10,
    "max": 347
  },
  "0.89": {
    "threshold": 0.89,
    "n_simulations": 100,
    "mean": 57.83,
    "median": 40.5,
    "std": 56.76267347474043,
    "min": 13,
    "max": 347
  },
  "0.9": {
    "threshold": 0.9,
    "n_simulations": 100,
    "mean": 59.9,
    "median": 41.5,
    "std": 56.040788716790914,
    "min": 13,
    "max": 347
  },
  "0.91": {
    "threshold": 0.91,
    "n_simulations": 100,
    "mean": 61.48,
    "median": 45.0,
    "std": 55.54952385034458,
    "min": 13,
    "max": 347
  },
  "0.92": {
    "threshold": 0.92,
    "n_simulations": 100,
    "mean": 63.41,
    "median": 48.0,
    "std": 55.44566619673714,
    "min": 14,
    "max": 347
  }
}