{
    "0.74": {
        "threshold": 0.74,
        "n_simulations": 100,
        "mean": 19.06,
        "median": 17.5,
        "std": 11.254172559544305,
        "min": 1,
        "max": 57
    },
    "0.75": {
        "threshold": 0.75,
        "n_simulations": 100,
        "mean": 20.16,
        "median": 18.0,
        "std": 11.936264072145857,
        "min": 1,
        "max": 61
    },
    "0.76": {
        "threshold": 0.76,
        "n_simulations": 100,
        "mean": 21.16,
        "median": 18.0,
        "std": 12.513768417227483,
        "min": 1,
        "max": 61
    },
    "0.77": {
        "threshold": 0.77,
        "n_simulations": 100,
        "mean": 21.73,
        "median": 18.5,
        "std": 12.411168357572143,
        "min": 1,
        "max": 61
    },
    "0.78": {
        "threshold": 0.78,
        "n_simulations": 100,
        "mean": 22.89,
        "median": 19.0,
        "std": 13.166544725173724,
        "min": 1,
        "max": 61
    },
    "0.79": {
        "threshold": 0.79,
        "n_simulations": 100,
        "mean": 23.55,
        "median": 19.0,
        "std": 13.442005058770064,
        "min": 1,
        "max": 61
    },
    "0.8": {
        "threshold": 0.8,
        "n_simulations": 100,
        "mean": 25.52,
        "median": 20.0,
        "std": 15.89306767115776,
        "min": 4,
        "max": 88
    },
    "0.81": {
        "threshold": 0.81,
        "n_simulations": 100,
        "mean": 26.92,
        "median": 21.0,
        "std": 16.796237673955435,
        "min": 4,
        "max": 99
    },
    "0.82": {
        "threshold": 0.82,
        "n_simulations": 100,
        "mean": 27.7,
        "median": 21.0,
        "std": 17.414649005937502,
        "min": 4,
        "max": 99
    },
    "0.83": {
        "threshold": 0.83,
        "n_simulations": 100,
        "mean": 30.16,
        "median": 22.0,
        "std": 18.784951423945714,
        "min": 4,
        "max": 99
    },
    "0.84": {
        "threshold": 0.84,
        "n_simulations": 100,
        "mean": 37.06,
        "median": 26.5,
        "std": 30.225757227900843,
        "min": 7,
        "max": 242
    },
    "0.85": {
        "threshold": 0.85,
        "n_simulations": 100,
        "mean": 44.06,
        "median": 29.0,
        "std": 46.45725347026016,
        "min": 7,
        "max": 339
    },
    "0.86": {
        "threshold": 0.86,
        "n_simulations": 100,
        "mean": 45.47,
        "median": 32.0,
        "std": 46.39492536905303,
        "min": 8,
        "max": 339
    },
    "0.87": {
        "threshold": 0.87,
        "n_simulations": 100,
        "mean": 47.45,
        "median": 32.0,
        "std": 48.274708699276474,
        "min": 8,
        "max": 347
    },
    "0.88": {
        "threshold": 0.88,
        "n_simulations": 100,
        "mean": 56.94,
        "median": 38.0,
        "std": 57.03592201411317,
        "min": 10,
        "max": 347
    },
    "0.89": {
        "threshold": 0.89,
        "n_simulations": 100,
        "mean": 57.83,
        "median": 40.5,
        "std": 56.76267347474043,
        "min": 13,
        "max": 347
    },
    "0.90": {
        "threshold": 0.90,
        "n_simulations": 100,
        "mean": 59.9,
        "median": 41.5,
        "std": 56.040788716790914,
        "min": 13,
        "max": 347
    },
    "0.91": {
        "threshold": 0.91,
        "n_simulations": 100,
        "mean": 61.48,
        "median": 45.0,
        "std": 55.54952385034458,
        "min": 13,
        "max": 347
    },
    "0.92": {
        "threshold": 0.92,
        "n_simulations": 100,
        "mean": 63.41,
        "median": 48.0,
        "std": 55.44566619673714,
        "min": 14,
        "max": 347
    },
    "0.93": {
        "threshold": 0.93,
        "n_simulations": 100,
        "mean": 80.09,
        "median": 55.0,
        "std": 68.4017682519977,
        "min": 14,
        "max": 364
    },
    "0.94": {
        "threshold": 0.94,
        "n_simulations": 100,
        "mean": 125.26,
        "median": 72.5,
        "std": 109.20948859874768,
        "min": 14,
        "max": 435
    },
    "0.95": {
        "threshold": 0.95,
        "n_simulations": 100,
        "mean": 315.38,
        "median": 316.5,
        "std": 76.6649567925268,
        "min": 40,
        "max": 451
    }
}