{
    "average_optimal_targets": {
        "yield": {
            "average": 93.525,
            "average_normalized": 0.9352499999999999,
            "std": 6.43614208979261,
            "std_normalized": 0.0643614208979261
        },
        "cost": {
            "average": 0.021782644800000004,
            "average_normalized": 0.9564347104000002,
            "std": 0.001766704726491657,
            "std_normalized": 0.003533409452983336
        },
        "hypervolume": {
            "average_normalized": 0.937996422822765,
            "std_normalized": 0.061440923527342046,
            "total_hv": 1.1566615574040002
        }
    },
    "auc_of_optimization": {
        "yield": {
            "average": 744.0255,
            "average_normalized": 0.7440255,
            "std": 112.44836467130148,
            "std_normalized": 0.11244836467130148
        },
        "cost": {
            "average": 4.25767626285,
            "average_normalized": 0.85153525257,
            "std": 0.03955109654744686,
            "std_normalized": 0.007910219309489389
        },
        "hypervolume": {
            "average": 8.520306587340162,
            "average_normalized": 0.7366291836017317,
            "std": 1.1314358569268304,
            "std_normalized": 0.0978190940715808,
            "total_hv": 1.1566615574040002
        }
    }
}