{
    "average_optimal_targets": {
        "yield": {
            "average": 98.65299999999999,
            "average_normalized": 0.9865300000000001,
            "std": 3.0029120866252503,
            "std_normalized": 0.03002912086625251
        },
        "cost": {
            "average": 0.0235852227,
            "average_normalized": 0.9528295546000001,
            "std": 0.0022771359045376293,
            "std_normalized": 0.004554271809075266
        },
        "hypervolume": {
            "average_normalized": 0.9585820553380013,
            "std_normalized": 0.030026612087991726,
            "total_hv": 1.1566615574040002
        }
    },
    "auc_of_optimization": {
        "yield": {
            "average": 813.0820000000001,
            "average_normalized": 0.813082,
            "std": 48.92326007125853,
            "std_normalized": 0.04892326007125853
        },
        "cost": {
            "average": 4.21726405625,
            "average_normalized": 0.84345281125,
            "std": 0.10528652731483226,
            "std_normalized": 0.02105730546296645
        },
        "hypervolume": {
            "average": 8.914947481714323,
            "average_normalized": 0.7707481436249115,
            "std": 0.48533893699807146,
            "std_normalized": 0.04196032399376714,
            "total_hv": 1.1566615574040002
        }
    }
}