{
    "average_optimal_targets": {
        "yield": {
            "average": 95.43699999999998,
            "average_normalized": 0.9543700000000002,
            "std": 5.619341687422114,
            "std_normalized": 0.05619341687422112
        },
        "cost": {
            "average": 0.0217183013,
            "average_normalized": 0.9565633974000001,
            "std": 0.0017430657403894466,
            "std_normalized": 0.003486131480778889
        },
        "hypervolume": {
            "average_normalized": 0.9495597843899448,
            "std_normalized": 0.05241014594323792,
            "total_hv": 1.1566615574040002
        }
    },
    "auc_of_optimization": {
        "yield": {
            "average": 760.7805,
            "average_normalized": 0.7607805,
            "std": 80.23787398884646,
            "std_normalized": 0.08023787398884646
        },
        "cost": {
            "average": 4.2553299523999994,
            "average_normalized": 0.8510659904800001,
            "std": 0.04599006322080589,
            "std_normalized": 0.009198012644161169
        },
        "hypervolume": {
            "average": 8.655673500028403,
            "average_normalized": 0.7483324265963425,
            "std": 0.8142756261771206,
            "std_normalized": 0.07039878008954259,
            "total_hv": 1.1566615574040002
        }
    }
}