{
    "average_optimal_targets": {
        "yield": {
            "average": 96.523,
            "average_normalized": 0.96523,
            "std": 5.149701059284899,
            "std_normalized": 0.05149701059284897
        },
        "cost": {
            "average": 0.0252531432,
            "average_normalized": 0.9494937135999999,
            "std": 0.007373148233402566,
            "std_normalized": 0.014746296466805133
        },
        "hypervolume": {
            "average_normalized": 0.9576653156524187,
            "std_normalized": 0.04718017446898391,
            "total_hv": 1.1566615574040002
        }
    },
    "auc_of_optimization": {
        "yield": {
            "average": 830.7224999999999,
            "average_normalized": 0.8307224999999999,
            "std": 49.67268012952395,
            "std_normalized": 0.04967268012952393
        },
        "cost": {
            "average": 4.222320066299999,
            "average_normalized": 0.84446401326,
            "std": 0.0587715921408356,
            "std_normalized": 0.011754318428167114
        },
        "hypervolume": {
            "average": 9.405435252100412,
            "average_normalized": 0.8131536136819382,
            "std": 0.44703613893846234,
            "std_normalized": 0.038648828265874575,
            "total_hv": 1.1566615574040002
        }
    }
}