{
    "average_optimal_targets": {
        "yield": {
            "average": 99.59400000000001,
            "average_normalized": 0.99594,
            "std": 0.5294563249220873,
            "std_normalized": 0.005294563249220858
        },
        "cost": {
            "average": 0.0222103829,
            "average_normalized": 0.9555792342,
            "std": 0.0012183631799203756,
            "std_normalized": 0.002436726359840755
        },
        "hypervolume": {
            "average_normalized": 0.9732064179109955,
            "std_normalized": 0.022031028136574513,
            "total_hv": 1.1566615574040002
        }
    },
    "auc_of_optimization": {
        "yield": {
            "average": 804.4215,
            "average_normalized": 0.8044215000000001,
            "std": 46.96643040779237,
            "std_normalized": 0.04696643040779236
        },
        "cost": {
            "average": 4.24132135025,
            "average_normalized": 0.8482642700499999,
            "std": 0.06717838570825141,
            "std_normalized": 0.013435677141650266
        },
        "hypervolume": {
            "average": 8.805121889243484,
            "average_normalized": 0.7612530936884953,
            "std": 0.41880604240843583,
            "std_normalized": 0.036208175133649316,
            "total_hv": 1.1566615574040002
        }
    }
}