{
    "average_optimal_targets": {
        "yield": {
            "average": 96.969,
            "average_normalized": 0.9696899999999999,
            "std": 4.249024476276879,
            "std_normalized": 0.04249024476276879
        },
        "cost": {
            "average": 0.025408161699999997,
            "average_normalized": 0.9491836766,
            "std": 0.004845423726120926,
            "std_normalized": 0.00969084745224187
        },
        "hypervolume": {
            "average_normalized": 0.9637226393095002,
            "std_normalized": 0.035657697697060585,
            "total_hv": 1.1566615574040002
        }
    },
    "auc_of_optimization": {
        "yield": {
            "average": 843.8425,
            "average_normalized": 0.8438425,
            "std": 43.88519512603314,
            "std_normalized": 0.04388519512603313
        },
        "cost": {
            "average": 4.19401147735,
            "average_normalized": 0.8388022954699998,
            "std": 0.05003874104094476,
            "std_normalized": 0.010007748208188946
        },
        "hypervolume": {
            "average": 9.548196793553851,
            "average_normalized": 0.8254961645810838,
            "std": 0.35098098112256254,
            "std_normalized": 0.03034431108009682,
            "total_hv": 1.1566615574040002
        }
    }
}