{
    "average_optimal_targets": {
        "yield": {
            "average": 97.16099999999999,
            "average_normalized": 0.9716100000000001,
            "std": 5.528789107933127,
            "std_normalized": 0.05528789107933126
        },
        "cost": {
            "average": 0.030651057500000002,
            "average_normalized": 0.9386978850000001,
            "std": 0.01678953647850652,
            "std_normalized": 0.03357907295701305
        },
        "hypervolume": {
            "average_normalized": 0.9427329629052036,
            "std_normalized": 0.051366732503177435,
            "total_hv": 1.1566615574040002
        }
    },
    "auc_of_optimization": {
        "yield": {
            "average": 767.842,
            "average_normalized": 0.767842,
            "std": 77.8942731271048,
            "std_normalized": 0.07789427312710479
        },
        "cost": {
            "average": 4.1591136104499995,
            "average_normalized": 0.8318227220900001,
            "std": 0.23908344413455523,
            "std_normalized": 0.04781668882691104
        },
        "hypervolume": {
            "average": 8.5638544150215,
            "average_normalized": 0.7403941421068867,
            "std": 0.9136952593466487,
            "std_normalized": 0.0789941753919217,
            "total_hv": 1.1566615574040002
        }
    }
}