{
    "average_optimal_targets": {
        "yield": {
            "average": 94.737,
            "average_normalized": 0.94737,
            "std": 4.6523221083669615,
            "std_normalized": 0.04652322108366961
        },
        "cost": {
            "average": 0.0232560635,
            "average_normalized": 0.953487873,
            "std": 0.006046696931061242,
            "std_normalized": 0.0120933938621225
        },
        "hypervolume": {
            "average_normalized": 0.944527024940115,
            "std_normalized": 0.04685308629417233,
            "total_hv": 1.1566615574040002
        }
    },
    "auc_of_optimization": {
        "yield": {
            "average": 770.2574999999999,
            "average_normalized": 0.7702574999999999,
            "std": 83.49228102794893,
            "std_normalized": 0.08349228102794894
        },
        "cost": {
            "average": 4.2456199456000006,
            "average_normalized": 0.8491239891200001,
            "std": 0.06198254911233698,
            "std_normalized": 0.01239650982246741
        },
        "hypervolume": {
            "average": 8.76295114147188,
            "average_normalized": 0.7576071916092173,
            "std": 0.859262564386896,
            "std_normalized": 0.07428815792196088,
            "total_hv": 1.1566615574040002
        }
    }
}