{
    "average_optimal_targets": {
        "yield": {
            "average": 94.39500000000001,
            "average_normalized": 0.9439499999999998,
            "std": 6.046650725815081,
            "std_normalized": 0.0604665072581508
        },
        "cost": {
            "average": 0.0395057107,
            "average_normalized": 0.9209885786,
            "std": 0.015019214920903396,
            "std_normalized": 0.03003842984180678
        },
        "hypervolume": {
            "average_normalized": 0.88769474837379,
            "std_normalized": 0.05841640866814923,
            "total_hv": 1.1566615574040002
        }
    },
    "auc_of_optimization": {
        "yield": {
            "average": 808.1665,
            "average_normalized": 0.8081664999999999,
            "std": 45.70792103399585,
            "std_normalized": 0.045707921033995846
        },
        "cost": {
            "average": 4.09922536015,
            "average_normalized": 0.81984507203,
            "std": 0.11181223824298811,
            "std_normalized": 0.022362447648597614
        },
        "hypervolume": {
            "average": 8.739776219107792,
            "average_normalized": 0.7556035871653985,
            "std": 0.5081363989103856,
            "std_normalized": 0.04393129482498251,
            "total_hv": 1.1566615574040002
        }
    }
}