{
    "average_optimal_targets": {
        "yield": {
            "average": 99.546,
            "average_normalized": 0.9954599999999999,
            "std": 1.355346450174271,
            "std_normalized": 0.01355346450174269
        },
        "cost": {
            "average": 0.028000587900000002,
            "average_normalized": 0.9439988242,
            "std": 0.007699449323587841,
            "std_normalized": 0.015398898647175677
        },
        "hypervolume": {
            "average_normalized": 0.976482862545263,
            "std_normalized": 0.021018830340948976,
            "total_hv": 1.1566615574040002
        }
    },
    "auc_of_optimization": {
        "yield": {
            "average": 844.028,
            "average_normalized": 0.8440280000000001,
            "std": 34.5169172435778,
            "std_normalized": 0.0345169172435778
        },
        "cost": {
            "average": 4.18453422085,
            "average_normalized": 0.8369068441699999,
            "std": 0.08326250314874872,
            "std_normalized": 0.016652500629749743
        },
        "hypervolume": {
            "average": 9.512297513286423,
            "average_normalized": 0.8223924666983597,
            "std": 0.22546280586947468,
            "std_normalized": 0.019492547705614184,
            "total_hv": 1.1566615574040002
        }
    }
}