{
    "average_optimal_targets": {
        "yield": {
            "average": 95.43100000000001,
            "average_normalized": 0.9543100000000001,
            "std": 5.910718145877029,
            "std_normalized": 0.05910718145877029
        },
        "cost": {
            "average": 0.0268357829,
            "average_normalized": 0.9463284342,
            "std": 0.005098539729761129,
            "std_normalized": 0.010197079459522265
        },
        "hypervolume": {
            "average_normalized": 0.9400710536933072,
            "std_normalized": 0.05823849644289674,
            "total_hv": 1.1566615574040002
        }
    },
    "auc_of_optimization": {
        "yield": {
            "average": 779.3525,
            "average_normalized": 0.7793525000000001,
            "std": 62.10210379890524,
            "std_normalized": 0.062102103798905246
        },
        "cost": {
            "average": 4.189025902100001,
            "average_normalized": 0.83780518042,
            "std": 0.09664196222010836,
            "std_normalized": 0.01932839244402165
        },
        "hypervolume": {
            "average": 8.592764151977182,
            "average_normalized": 0.7428935540369042,
            "std": 0.6614107724767887,
            "std_normalized": 0.0571827401233298,
            "total_hv": 1.1566615574040002
        }
    }
}