{
    "average_optimal_targets": {
        "yield": {
            "average": 0.9015813444999999,
            "average_normalized": 0.9015813444999999,
            "std": 0.06850426599658693,
            "std_normalized": 0.06850426599658693
        },
        "ee": {
            "average": 0.8120499867,
            "average_normalized": 0.8120499867,
            "std": 0.07984497995035618,
            "std_normalized": 0.07984497995035618
        },
        "hypervolume": {
            "average_normalized": 0.8413693067994599,
            "std_normalized": 0.07938421865402509,
            "total_hv": 0.9397311948740874
        }
    },
    "auc_of_optimization": {
        "yield": {
            "average": 6.1646871862,
            "average_normalized": 0.61646871862,
            "std": 1.3223045385383985,
            "std_normalized": 0.13223045385383986
        },
        "ee": {
            "average": 6.6765416668499995,
            "average_normalized": 0.667654166685,
            "std": 0.4222764810731756,
            "std_normalized": 0.042227648107317564
        },
        "hypervolume": {
            "average": 5.379688083569521,
            "average_normalized": 0.5724709483854404,
            "std": 0.9831714191605221,
            "std_normalized": 0.10462262235449732,
            "total_hv": 0.9397311948740874
        }
    }
}