{
    "average_optimal_targets": {
        "yield": {
            "average": 92.76399999999998,
            "average_normalized": 0.92764,
            "std": 8.28112697644469,
            "std_normalized": 0.08281126976444692
        },
        "cost": {
            "average": 0.025763707599999998,
            "average_normalized": 0.9484725848,
            "std": 0.0030135915113800736,
            "std_normalized": 0.006027183022760137
        },
        "hypervolume": {
            "average_normalized": 0.8958135852848537,
            "std_normalized": 0.0733646360550696,
            "total_hv": 1.1566615574040002
        }
    },
    "auc_of_optimization": {
        "yield": {
            "average": 772.925,
            "average_normalized": 0.772925,
            "std": 92.93366946376328,
            "std_normalized": 0.09293366946376329
        },
        "cost": {
            "average": 4.236591993600001,
            "average_normalized": 0.84731839872,
            "std": 0.034267052228920146,
            "std_normalized": 0.006853410445784021
        },
        "hypervolume": {
            "average": 8.61508541832281,
            "average_normalized": 0.744823355040728,
            "std": 1.0177931089460557,
            "std_normalized": 0.08799402923274986,
            "total_hv": 1.1566615574040002
        }
    }
}