{
    "average_optimal_targets": {
        "yield": {
            "average": 94.704,
            "average_normalized": 0.94704,
            "std": 8.132271761322295,
            "std_normalized": 0.08132271761322295
        },
        "cost": {
            "average": 0.0244716741,
            "average_normalized": 0.9510566517999999,
            "std": 0.0032426049780491435,
            "std_normalized": 0.006485209956098284
        },
        "hypervolume": {
            "average_normalized": 0.9355241352778947,
            "std_normalized": 0.07181670031295598,
            "total_hv": 1.1566615574040002
        }
    },
    "auc_of_optimization": {
        "yield": {
            "average": 738.8875,
            "average_normalized": 0.7388874999999999,
            "std": 67.56059999178515,
            "std_normalized": 0.06756059999178515
        },
        "cost": {
            "average": 4.21831182265,
            "average_normalized": 0.8436623645300001,
            "std": 0.0622489630830128,
            "std_normalized": 0.012449792616602555
        },
        "hypervolume": {
            "average": 8.162775171002092,
            "average_normalized": 0.7057185499726077,
            "std": 0.7757879187133415,
            "std_normalized": 0.06707129788721537,
            "total_hv": 1.1566615574040002
        }
    }
}