{
    "average_optimal_targets": {
        "yield": {
            "average": 97.701,
            "average_normalized": 0.9770099999999999,
            "std": 4.459498738647653,
            "std_normalized": 0.04459498738647651
        },
        "cost": {
            "average": 0.028173888400000003,
            "average_normalized": 0.9436522232000002,
            "std": 0.006301542290636178,
            "std_normalized": 0.01260308458127235
        },
        "hypervolume": {
            "average_normalized": 0.9557609233442627,
            "std_normalized": 0.03551228528301229,
            "total_hv": 1.1566615574040002
        }
    },
    "auc_of_optimization": {
        "yield": {
            "average": 762.7635,
            "average_normalized": 0.7627635,
            "std": 82.05365138279956,
            "std_normalized": 0.08205365138279955
        },
        "cost": {
            "average": 4.20207826735,
            "average_normalized": 0.84041565347,
            "std": 0.05688589328866213,
            "std_normalized": 0.011377178657732422
        },
        "hypervolume": {
            "average": 8.495149289784171,
            "average_normalized": 0.7344541914966554,
            "std": 0.7565587092595554,
            "std_normalized": 0.06540882286756104,
            "total_hv": 1.1566615574040002
        }
    }
}