{
    "average_optimal_targets": {
        "yield": {
            "average": 96.397,
            "average_normalized": 0.9639700000000001,
            "std": 7.513004791692867,
            "std_normalized": 0.07513004791692865
        },
        "cost": {
            "average": 0.0244239583,
            "average_normalized": 0.9511520833999999,
            "std": 0.004456829708939753,
            "std_normalized": 0.008913659417879501
        },
        "hypervolume": {
            "average_normalized": 0.9525343414427285,
            "std_normalized": 0.0688004274673058,
            "total_hv": 1.1566615574040002
        }
    },
    "auc_of_optimization": {
        "yield": {
            "average": 768.9354999999999,
            "average_normalized": 0.7689354999999999,
            "std": 92.99577771194774,
            "std_normalized": 0.09299577771194777
        },
        "cost": {
            "average": 4.2243727762,
            "average_normalized": 0.84487455524,
            "std": 0.04365196870825043,
            "std_normalized": 0.008730393741650085
        },
        "hypervolume": {
            "average": 8.644997723423872,
            "average_normalized": 0.747409444714893,
            "std": 0.8865652468708196,
            "std_normalized": 0.07664863081129955,
            "total_hv": 1.1566615574040002
        }
    }
}