{
    "average_optimal_targets": {
        "yield": {
            "average": 94.16799999999999,
            "average_normalized": 0.9416800000000001,
            "std": 6.545075706208448,
            "std_normalized": 0.06545075706208447
        },
        "cost": {
            "average": 0.0237176995,
            "average_normalized": 0.9525646010000001,
            "std": 0.0015957151127462099,
            "std_normalized": 0.0031914302254924197
        },
        "hypervolume": {
            "average_normalized": 0.9295070390722247,
            "std_normalized": 0.057758506099917235,
            "total_hv": 1.1566615574040002
        }
    },
    "auc_of_optimization": {
        "yield": {
            "average": 792.3419999999999,
            "average_normalized": 0.7923419999999999,
            "std": 61.52484921558118,
            "std_normalized": 0.06152484921558118
        },
        "cost": {
            "average": 4.2129838176500005,
            "average_normalized": 0.8425967635300001,
            "std": 0.03234294415317347,
            "std_normalized": 0.006468588830634709
        },
        "hypervolume": {
            "average": 8.876151060418511,
            "average_normalized": 0.7673939713480283,
            "std": 0.622777206604147,
            "std_normalized": 0.05384264762822256,
            "total_hv": 1.1566615574040002
        }
    }
}