{
    "average_optimal_targets": {
        "yield": {
            "average": 95.04999999999998,
            "average_normalized": 0.9505000000000001,
            "std": 6.378322663522126,
            "std_normalized": 0.06378322663522126
        },
        "cost": {
            "average": 0.023352350700000003,
            "average_normalized": 0.9532952986,
            "std": 0.002619311267826872,
            "std_normalized": 0.005238622535653751
        },
        "hypervolume": {
            "average_normalized": 0.9423735068892076,
            "std_normalized": 0.05555333463106951,
            "total_hv": 1.1566615574040002
        }
    },
    "auc_of_optimization": {
        "yield": {
            "average": 731.3745,
            "average_normalized": 0.7313744999999999,
            "std": 68.67783020924583,
            "std_normalized": 0.06867783020924582
        },
        "cost": {
            "average": 4.21104442555,
            "average_normalized": 0.84220888511,
            "std": 0.10872816089441027,
            "std_normalized": 0.02174563217888206
        },
        "hypervolume": {
            "average": 7.964002211784482,
            "average_normalized": 0.6885334919973315,
            "std": 1.007449513540397,
            "std_normalized": 0.08709976631379596,
            "total_hv": 1.1566615574040002
        }
    }
}