{
    "average_optimal_targets": {
        "yield": {
            "average": 95.08599999999998,
            "average_normalized": 0.9508600000000001,
            "std": 5.704146211309808,
            "std_normalized": 0.05704146211309806
        },
        "cost": {
            "average": 0.0224211715,
            "average_normalized": 0.955157657,
            "std": 0.0035020353779879566,
            "std_normalized": 0.00700407075597592
        },
        "hypervolume": {
            "average_normalized": 0.9491003520219558,
            "std_normalized": 0.04730321049490869,
            "total_hv": 1.1566615574040002
        }
    },
    "auc_of_optimization": {
        "yield": {
            "average": 806.172,
            "average_normalized": 0.8061719999999999,
            "std": 61.861188527217955,
            "std_normalized": 0.06186118852721796
        },
        "cost": {
            "average": 4.223172190849999,
            "average_normalized": 0.84463443817,
            "std": 0.04740470366036083,
            "std_normalized": 0.009480940732072167
        },
        "hypervolume": {
            "average": 9.110938694443092,
            "average_normalized": 0.7876927037232562,
            "std": 0.6108176712346362,
            "std_normalized": 0.05280867746703272,
            "total_hv": 1.1566615574040002
        }
    }
}