{
    "average_optimal_targets": {
        "yield": {
            "average": 97.28,
            "average_normalized": 0.9728,
            "std": 4.472871560865571,
            "std_normalized": 0.0447287156086557
        },
        "cost": {
            "average": 0.022321639400000003,
            "average_normalized": 0.9553567212,
            "std": 0.0022038958619482996,
            "std_normalized": 0.004407791723896597
        },
        "hypervolume": {
            "average_normalized": 0.9679749649261995,
            "std_normalized": 0.03952236181235731,
            "total_hv": 1.1566615574040002
        }
    },
    "auc_of_optimization": {
        "yield": {
            "average": 808.497,
            "average_normalized": 0.808497,
            "std": 31.38460858446384,
            "std_normalized": 0.031384608584463826
        },
        "cost": {
            "average": 4.2009982339,
            "average_normalized": 0.84019964678,
            "std": 0.01467743768386464,
            "std_normalized": 0.0029354875367729382
        },
        "hypervolume": {
            "average": 9.135030454327513,
            "average_normalized": 0.7897755740088817,
            "std": 0.29217056894217003,
            "std_normalized": 0.025259814945169864,
            "total_hv": 1.1566615574040002
        }
    }
}