step,Conversion_best_mean,Conversion_best_std,n_experiments_mean
0,16.677999788284303,31.162109847970186,5.0
1,77.89600074768066,14.102648962656751,10.0
2,81.9629998626709,14.697893328151801,15.0
3,86.20300021362306,14.231606779225348,20.0
4,90.25399999999999,8.229602117988952,25.0
5,90.25399999999999,8.229602117988952,30.0
6,90.25399999999999,8.229602117988952,35.0
7,91.929,5.180821087709663,40.0
8,92.81200000000001,4.4863575516929775,45.0
9,92.81200000000001,4.4863575516929775,50.0
