{
    "0.74": {
        "threshold": 0.74,
        "n_simulations": 100,
        "mean": 31.65,
        "median": 27.5,
        "std": 24.784420509666955,
        "min": 1,
        "max": 119
    },
    "0.75": {
        "threshold": 0.75,
        "n_simulations": 100,
        "mean": 34.51,
        "median": 28.0,
        "std": 27.68483158699002,
        "min": 1,
        "max": 121
    },
    "0.76": {
        "threshold": 0.76,
        "n_simulations": 100,
        "mean": 37.97,
        "median": 30.5,
        "std": 28.039777103251016,
        "min": 1,
        "max": 121
    },
    "0.77": {
        "threshold": 0.77,
        "n_simulations": 100,
        "mean": 41.2,
        "median": 32.5,
        "std": 31.041585011078286,
        "min": 1,
        "max": 132
    },
    "0.78": {
        "threshold": 0.78,
        "n_simulations": 100,
        "mean": 47.75,
        "median": 39.0,
        "std": 34.20537238505086,
        "min": 1,
        "max": 138
    },
    "0.79": {
        "threshold": 0.79,
        "n_simulations": 100,
        "mean": 52.19,
        "median": 42.5,
        "std": 37.91878030738858,
        "min": 1,
        "max": 147
    },
    "0.8": {
        "threshold": 0.8,
        "n_simulations": 100,
        "mean": 57.18,
        "median": 48.0,
        "std": 40.23788761851198,
        "min": 2,
        "max": 147
    },
    "0.81": {
        "threshold": 0.81,
        "n_simulations": 100,
        "mean": 62.05,
        "median": 53.5,
        "std": 43.4472956580729,
        "min": 2,
        "max": 166
    },
    "0.82": {
        "threshold": 0.82,
        "n_simulations": 100,
        "mean": 72.32,
        "median": 64.0,
        "std": 49.83851522667985,
        "min": 2,
        "max": 236
    },
    "0.83": {
        "threshold": 0.83,
        "n_simulations": 100,
        "mean": 84.61,
        "median": 74.0,
        "std": 55.92993742174221,
        "min": 2,
        "max": 236
    },
    "0.84": {
        "threshold": 0.84,
        "n_simulations": 100,
        "mean": 104.56,
        "median": 96.0,
        "std": 69.5009812880365,
        "min": 2,
        "max": 282
    },
    "0.85": {
        "threshold": 0.85,
        "n_simulations": 100,
        "mean": 126.57,
        "median": 113.5,
        "std": 93.0630168219363,
        "min": 2,
        "max": 466
    },
    "0.86": {
        "threshold": 0.86,
        "n_simulations": 100,
        "mean": 156.13,
        "median": 130.5,
        "std": 127.9222150371076,
        "min": 2,
        "max": 640
    },
    "0.87": {
        "threshold": 0.87,
        "n_simulations": 100,
        "mean": 187.77,
        "median": 158.0,
        "std": 155.9566513490207,
        "min": 2,
        "max": 868
    },
    "0.88": {
        "threshold": 0.88,
        "n_simulations": 100,
        "mean": 197.16,
        "median": 167.0,
        "std": 162.1658854383375,
        "min": 2,
        "max": 878
    },
    "0.89": {
        "threshold": 0.89,
        "n_simulations": 100,
        "mean": 208.54,
        "median": 168.5,
        "std": 167.0647431387006,
        "min": 2,
        "max": 878
    },
    "0.90": {
        "threshold": 0.90,
        "n_simulations": 100,
        "mean": 228.36,
        "median": 187.0,
        "std": 170.10152968154048,
        "min": 3,
        "max": 895
    },
    "0.91": {
        "threshold": 0.91,
        "n_simulations": 100,
        "mean": 248.75,
        "median": 194.0,
        "std": 177.32869903092393,
        "min": 13,
        "max": 895
    },
    "0.92": {
        "threshold": 0.92,
        "n_simulations": 100,
        "mean": 284.85,
        "median": 250.5,
        "std": 178.6310933180447,
        "min": 41,
        "max": 895
    },
    "0.93": {
        "threshold": 0.93,
        "n_simulations": 100,
        "mean": 365.86,
        "median": 328.5,
        "std": 181.43345997913394,
        "min": 58,
        "max": 895
    },
    "0.94": {
        "threshold": 0.94,
        "n_simulations": 100,
        "mean": 551.16,
        "median": 523.0,
        "std": 232.8297541123127,
        "min": 175,
        "max": 1277
    },
    "0.95": {
        "threshold": 0.95,
        "n_simulations": 100,
        "mean": 1369.32,
        "median": 1357.5,
        "std": 245.06072227103223,
        "min": 694,
        "max": 1724
    }
}