{
  "80": {
    "threshold": 80,
    "n_simulations": 1000,
    "mean": 10.41,
    "median": 7.0,
    "std": 9.738988653859291,
    "min": 1,
    "max": 71
  },
  "81": {
    "threshold": 81,
    "n_simulations": 1000,
    "mean": 11.413,
    "median": 8.0,
    "std": 10.74143523929647,
    "min": 1,
    "max": 71
  },
  "82": {
    "threshold": 82,
    "n_simulations": 1000,
    "mean": 12.098,
    "median": 8.0,
    "std": 11.671178003954871,
    "min": 1,
    "max": 86
  },
  "83": {
    "threshold": 83,
    "n_simulations": 1000,
    "mean": 13.114,
    "median": 9.0,
    "std": 12.639897309709442,
    "min": 1,
    "max": 88
  },
  "84": {
    "threshold": 84,
    "n_simulations": 1000,
    "mean": 14.772,
    "median": 10.0,
    "std": 14.81317035613916,
    "min": 1,
    "max": 121
  },
  "85": {
    "threshold": 85,
    "n_simulations": 1000,
    "mean": 16.017,
    "median": 11.0,
    "std": 16.39630174765029,
    "min": 1,
    "max": 121
  },
  "86": {
    "threshold": 86,
    "n_simulations": 1000,
    "mean": 17.505,
    "median": 12.0,
    "std": 17.621179727816184,
    "min": 1,
    "max": 121
  },
  "87": {
    "threshold": 87,
    "n_simulations": 1000,
    "mean": 19.327,
    "median": 13.0,
    "std": 19.507590086937956,
    "min": 1,
    "max": 145
  },
  "88": {
    "threshold": 88,
    "n_simulations": 1000,
    "mean": 21.553,
    "median": 14.0,
    "std": 22.243947289094177,
    "min": 1,
    "max": 152
  },
  "89": {
    "threshold": 89,
    "n_simulations": 1000,
    "mean": 24.671,
    "median": 16.0,
    "std": 25.394738805508517,
    "min": 1,
    "max": 190
  },
  "90": {
    "threshold": 90,
    "n_simulations": 1000,
    "mean": 27.774,
    "median": 18.0,
    "std": 27.827736594987382,
    "min": 1,
    "max": 201
  },
  "91": {
    "threshold": 91,
    "n_simulations": 1000,
    "mean": 32.716,
    "median": 22.0,
    "std": 33.40522929123523,
    "min": 1,
    "max": 224
  },
  "92": {
    "threshold": 92,
    "n_simulations": 1000,
    "mean": 42.112,
    "median": 28.0,
    "std": 43.29967039135518,
    "min": 1,
    "max": 299
  },
  "93": {
    "threshold": 93,
    "n_simulations": 1000,
    "mean": 56.558,
    "median": 40.0,
    "std": 55.20734222909123,
    "min": 1,
    "max": 355
  },
  "94": {
    "threshold": 94,
    "n_simulations": 1000,
    "mean": 77.999,
    "median": 55.0,
    "std": 78.37400716436541,
    "min": 1,
    "max": 521
  },
  "95": {
    "threshold": 95,
    "n_simulations": 1000,
    "mean": 123.307,
    "median": 82.0,
    "std": 128.83502144603383,
    "min": 1,
    "max": 1243
  }
}