{
    "average_optimal_targets": {
        "yield": {
            "average": 97.135,
            "average_normalized": 0.9713499999999999,
            "std": 5.559574174341054,
            "std_normalized": 0.055595741743410525
        },
        "cost": {
            "average": 0.0214540821,
            "average_normalized": 0.9570918358,
            "std": 0.0006220991403325437,
            "std_normalized": 0.001244198280665086
        },
        "hypervolume": {
            "average_normalized": 0.9593825341634739,
            "std_normalized": 0.05801892710086608,
            "total_hv": 1.1566615574040002
        }
    },
    "auc_of_optimization": {
        "yield": {
            "average": 738.479,
            "average_normalized": 0.7384790000000001,
            "std": 103.8741591012895,
            "std_normalized": 0.1038741591012895
        },
        "cost": {
            "average": 4.25164060635,
            "average_normalized": 0.8503281212700001,
            "std": 0.04913251063637536,
            "std_normalized": 0.009826502127275073
        },
        "hypervolume": {
            "average": 8.374641956052711,
            "average_normalized": 0.7240356440001927,
            "std": 1.1559406045892504,
            "std_normalized": 0.09993766951014023,
            "total_hv": 1.1566615574040002
        }
    }
}