{
    "average_optimal_targets": {
        "yield": {
            "average": 91.78999999999999,
            "average_normalized": 0.9179,
            "std": 4.843556544523869,
            "std_normalized": 0.048435565445238686
        },
        "cost": {
            "average": 0.0231686719,
            "average_normalized": 0.9536626562,
            "std": 0.0012344893877865822,
            "std_normalized": 0.0024689787755731727
        },
        "hypervolume": {
            "average_normalized": 0.9071987340376626,
            "std_normalized": 0.04280382171422263,
            "total_hv": 1.1566615574040002
        }
    },
    "auc_of_optimization": {
        "yield": {
            "average": 779.1490000000001,
            "average_normalized": 0.779149,
            "std": 62.078510202806896,
            "std_normalized": 0.062078510202806886
        },
        "cost": {
            "average": 4.21400077615,
            "average_normalized": 0.84280015523,
            "std": 0.047142582473162865,
            "std_normalized": 0.009428516494632588
        },
        "hypervolume": {
            "average": 8.715814656991931,
            "average_normalized": 0.7535319732207251,
            "std": 0.628353141090332,
            "std_normalized": 0.05432471902157806,
            "total_hv": 1.1566615574040002
        }
    }
}