SMILES,VIP,VEA,Cond_Fukui+_atom0,Cond_Fukui-_atom0,Cond_dual_desc_atom0,min_ESP,max_ESP,MPI,char_balance,area_pSurface,area_nSurface,aver_ALIE,aver_LEAE,max_ESP_atom0,min_ESP_atom0,icp_atom0,Molecular_volumn,Molecular_sphericity,Molecular_all_surface_area,HOMO_LUMO_energy_gap,HOMO_ODI,LUMO_ODI,charge_CM5-atom0
O=S(=O)([O-])C(F)(F)F,0.38888,-0.166346,0.154,0.1533,0.0006,-0.230851,-0.092057,4.82053446,0.0,0.0,392.99301,0.41360707,-0.5786952,-144.69792714,-75.3297028,11.672798,577.65189,0.8535,392.99301,0.301934,33.33,26.95,-0.6268104467
O=S(=O)([N-]S(=O)(=O)C(F)(F)F)C(F)(F)F,0.410068,-0.060907,0.0642,0.1155,-0.0513,-0.202296,-0.041391,3.8590229,0.0,0.0,619.86031,0.47395773,-0.486037,-126.83975138,-29.34364298,14.809501,1047.61088,0.8047,619.86031,0.260698,43.25,13.88,-0.7706527667
CC(=O)[O-],0.299465,-0.205031,0.2547,0.2741,-0.0194,-0.292341,-0.121734,5.64853689,0.0,0.0,296.09486,0.29314346,-0.4214807,-183.44689715,-130.93237282,7.647046,407.41787,0.8976,296.09486,0.196004,31.6,37.84,-0.5678008583
O=C([O-])C(F)(F)F,0.361153,-0.134642,0.2565,0.2453,0.0113,-0.24225,-0.120876,5.20140834,0.0,0.0,341.02937,0.40544164,-0.3321125,-139.74885424,-83.61896042,9.343945,469.9457,0.8572,341.02937,0.194728,24.5,34.13,-0.4884777784
