{
    "average_optimal_targets": {
        "yield": {
            "average": 92.22200000000001,
            "average_normalized": 0.92222,
            "std": 8.475071445126586,
            "std_normalized": 0.08475071445126588
        },
        "cost": {
            "average": 0.0242380106,
            "average_normalized": 0.9515239787999998,
            "std": 0.003809447088792892,
            "std_normalized": 0.007618894177585788
        },
        "hypervolume": {
            "average_normalized": 0.9170187827804366,
            "std_normalized": 0.07094013805893183,
            "total_hv": 1.1566615574040002
        }
    },
    "auc_of_optimization": {
        "yield": {
            "average": 765.234,
            "average_normalized": 0.765234,
            "std": 80.22403545073011,
            "std_normalized": 0.08022403545073012
        },
        "cost": {
            "average": 4.23663949375,
            "average_normalized": 0.8473278987499999,
            "std": 0.04775611919579797,
            "std_normalized": 0.009551223839159595
        },
        "hypervolume": {
            "average": 8.649285359531191,
            "average_normalized": 0.7477801353529518,
            "std": 0.8360321456496991,
            "std_normalized": 0.07227975549961922,
            "total_hv": 1.1566615574040002
        }
    }
}