{
    "average_optimal_targets": {
        "yield": {
            "average": 91.771,
            "average_normalized": 0.9177099999999999,
            "std": 9.148100841158236,
            "std_normalized": 0.09148100841158233
        },
        "cost": {
            "average": 0.0303322168,
            "average_normalized": 0.9393355664000002,
            "std": 0.00805363623962334,
            "std_normalized": 0.016107272479246666
        },
        "hypervolume": {
            "average_normalized": 0.905370418070366,
            "std_normalized": 0.07525906353009969,
            "total_hv": 1.1566615574040002
        }
    },
    "auc_of_optimization": {
        "yield": {
            "average": 801.5315,
            "average_normalized": 0.8015315000000001,
            "std": 86.9083736773966,
            "std_normalized": 0.08690837367739661
        },
        "cost": {
            "average": 4.187568348899999,
            "average_normalized": 0.8375136697800001,
            "std": 0.0710390023724047,
            "std_normalized": 0.014207800474480947
        },
        "hypervolume": {
            "average": 9.045499175735282,
            "average_normalized": 0.7820350834549141,
            "std": 0.7914767108072386,
            "std_normalized": 0.06842768359861641,
            "total_hv": 1.1566615574040002
        }
    }
}