{
    "average_optimal_targets": {
        "yield": {
            "average": 0.9723818210999999,
            "average_normalized": 0.9723818210999999,
            "std": 0.04568439919824683,
            "std_normalized": 0.04568439919824683
        },
        "ee": {
            "average": 0.7433883662999999,
            "average_normalized": 0.7433883662999999,
            "std": 0.02105260435307244,
            "std_normalized": 0.02105260435307244
        },
        "hypervolume": {
            "average_normalized": 0.9206130315950904,
            "std_normalized": 0.061493391935297056,
            "total_hv": 0.9397311948740874
        }
    },
    "auc_of_optimization": {
        "yield": {
            "average": 7.113685706849999,
            "average_normalized": 0.711368570685,
            "std": 0.8430497898287055,
            "std_normalized": 0.08430497898287057
        },
        "ee": {
            "average": 6.43934450945,
            "average_normalized": 0.643934450945,
            "std": 0.21844292860709444,
            "std_normalized": 0.02184429286070947
        },
        "hypervolume": {
            "average": 6.288604840162652,
            "average_normalized": 0.6691918789612223,
            "std": 0.7807895851942203,
            "std_normalized": 0.08308648148035956,
            "total_hv": 0.9397311948740874
        }
    }
}