{
    "average_optimal_targets": {
        "yield": {
            "average": 93.10600000000001,
            "average_normalized": 0.9310600000000001,
            "std": 8.333868489483141,
            "std_normalized": 0.0833386848948314
        },
        "cost": {
            "average": 0.0247449579,
            "average_normalized": 0.9505100842,
            "std": 0.0037227778073348518,
            "std_normalized": 0.007445555614669711
        },
        "hypervolume": {
            "average_normalized": 0.9126681252962416,
            "std_normalized": 0.07974074432622788,
            "total_hv": 1.1566615574040002
        }
    },
    "auc_of_optimization": {
        "yield": {
            "average": 793.703,
            "average_normalized": 0.793703,
            "std": 90.4607867034109,
            "std_normalized": 0.09046078670341093
        },
        "cost": {
            "average": 4.23637813325,
            "average_normalized": 0.8472756266499999,
            "std": 0.05513316407063042,
            "std_normalized": 0.011026632814126094
        },
        "hypervolume": {
            "average": 8.931091873636362,
            "average_normalized": 0.7721439185444372,
            "std": 1.013164617798324,
            "std_normalized": 0.08759386972903818,
            "total_hv": 1.1566615574040002
        }
    }
}