{
    "average_optimal_targets": {
        "yield": {
            "average": 99.86500000000001,
            "average_normalized": 0.9986499999999999,
            "std": 0.2311817466842918,
            "std_normalized": 0.0023118174668429257
        },
        "cost": {
            "average": 0.0236557374,
            "average_normalized": 0.9526885251999999,
            "std": 0.004607547583354993,
            "std_normalized": 0.009215095166710005
        },
        "hypervolume": {
            "average_normalized": 0.9905605990960185,
            "std_normalized": 0.009773414394690316,
            "total_hv": 1.1566615574040002
        }
    },
    "auc_of_optimization": {
        "yield": {
            "average": 858.5565,
            "average_normalized": 0.8585565,
            "std": 38.791780253682624,
            "std_normalized": 0.03879178025368262
        },
        "cost": {
            "average": 4.1350318495,
            "average_normalized": 0.8270063699,
            "std": 0.07212835397159652,
            "std_normalized": 0.014425670794319318
        },
        "hypervolume": {
            "average": 9.533862383977082,
            "average_normalized": 0.8242568729762911,
            "std": 0.30560151747287984,
            "std_normalized": 0.026420997180780267,
            "total_hv": 1.1566615574040002
        }
    }
}