{
    "average_optimal_targets": {
        "yield": {
            "average": 96.296,
            "average_normalized": 0.96296,
            "std": 4.9720341913546795,
            "std_normalized": 0.049720341913546795
        },
        "cost": {
            "average": 0.023033478200000002,
            "average_normalized": 0.9539330436,
            "std": 0.0025383449003809865,
            "std_normalized": 0.005076689800761972
        },
        "hypervolume": {
            "average_normalized": 0.9500470099028121,
            "std_normalized": 0.049150361488908154,
            "total_hv": 1.1566615574040002
        }
    },
    "auc_of_optimization": {
        "yield": {
            "average": 751.5085,
            "average_normalized": 0.7515084999999999,
            "std": 78.98762748209367,
            "std_normalized": 0.07898762748209365
        },
        "cost": {
            "average": 4.2553152757,
            "average_normalized": 0.85106305514,
            "std": 0.048039730026498806,
            "std_normalized": 0.009607946005299768
        },
        "hypervolume": {
            "average": 8.479303508576232,
            "average_normalized": 0.7330842331794183,
            "std": 0.9079674809609627,
            "std_normalized": 0.07849897622592353,
            "total_hv": 1.1566615574040002
        }
    }
}