{
    "average_optimal_targets": {
        "yield": {
            "average": 96.376,
            "average_normalized": 0.9637600000000001,
            "std": 5.532596497125016,
            "std_normalized": 0.055325964971250155
        },
        "cost": {
            "average": 0.02753407139999999,
            "average_normalized": 0.9449318572000001,
            "std": 0.005367360760599891,
            "std_normalized": 0.010734721521199782
        },
        "hypervolume": {
            "average_normalized": 0.9444193703629372,
            "std_normalized": 0.04555654868467519,
            "total_hv": 1.1566615574040002
        }
    },
    "auc_of_optimization": {
        "yield": {
            "average": 820.883,
            "average_normalized": 0.8208829999999999,
            "std": 59.48642030749542,
            "std_normalized": 0.05948642030749542
        },
        "cost": {
            "average": 4.192001186800001,
            "average_normalized": 0.8384002373599999,
            "std": 0.0462256545825324,
            "std_normalized": 0.009245130916506476
        },
        "hypervolume": {
            "average": 9.17618508101488,
            "average_normalized": 0.7933336266150162,
            "std": 0.5842680898884295,
            "std_normalized": 0.05051331447374762,
            "total_hv": 1.1566615574040002
        }
    }
}