{
    "average_optimal_targets": {
        "yield": {
            "average": 96.71399999999998,
            "average_normalized": 0.9671400000000002,
            "std": 4.869000308071465,
            "std_normalized": 0.048690003080714625
        },
        "cost": {
            "average": 0.022056860400000003,
            "average_normalized": 0.9558862791999999,
            "std": 0.002437501014115695,
            "std_normalized": 0.004875002028231397
        },
        "hypervolume": {
            "average_normalized": 0.9670288026799359,
            "std_normalized": 0.04383716109220111,
            "total_hv": 1.1566615574040002
        }
    },
    "auc_of_optimization": {
        "yield": {
            "average": 836.4039999999999,
            "average_normalized": 0.8364039999999999,
            "std": 35.896537771768486,
            "std_normalized": 0.035896537771768496
        },
        "cost": {
            "average": 4.2130678651,
            "average_normalized": 0.8426135730200001,
            "std": 0.024799925537587957,
            "std_normalized": 0.004959985107517602
        },
        "hypervolume": {
            "average": 9.455979159314811,
            "average_normalized": 0.8175234232334754,
            "std": 0.2973864172854711,
            "std_normalized": 0.02571075483419041,
            "total_hv": 1.1566615574040002
        }
    }
}