{
    "average_optimal_targets": {
        "yield": {
            "average": 97.982,
            "average_normalized": 0.9798200000000001,
            "std": 3.9183920171417266,
            "std_normalized": 0.039183920171417266
        },
        "cost": {
            "average": 0.0207813525,
            "average_normalized": 0.9584372950000001,
            "std": 0.00030075741536169916,
            "std_normalized": 0.0006015148307234286
        },
        "hypervolume": {
            "average_normalized": 0.9783780623468713,
            "std_normalized": 0.034511577809170205,
            "total_hv": 1.1566615574040002
        }
    },
    "auc_of_optimization": {
        "yield": {
            "average": 777.2155,
            "average_normalized": 0.7772155000000001,
            "std": 79.41744967102635,
            "std_normalized": 0.07941744967102636
        },
        "cost": {
            "average": 4.2695698347499995,
            "average_normalized": 0.8539139669500001,
            "std": 0.03006530238837525,
            "std_normalized": 0.006013060477675049
        },
        "hypervolume": {
            "average": 8.842419576506732,
            "average_normalized": 0.764477691845536,
            "std": 0.8546472389796894,
            "std_normalized": 0.07388913667173751,
            "total_hv": 1.1566615574040002
        }
    }
}