{
    "average_optimal_targets": {
        "yield": {
            "average": 89.71,
            "average_normalized": 0.8971,
            "std": 6.522134619892476,
            "std_normalized": 0.06522134619892475
        },
        "cost": {
            "average": 0.0246909601,
            "average_normalized": 0.9506180797999999,
            "std": 0.0040434883137075205,
            "std_normalized": 0.008086976627415038
        },
        "hypervolume": {
            "average_normalized": 0.8925853238261947,
            "std_normalized": 0.057448120239531046,
            "total_hv": 1.1566615574040002
        }
    },
    "auc_of_optimization": {
        "yield": {
            "average": 762.4835,
            "average_normalized": 0.7624835000000001,
            "std": 71.35378805816826,
            "std_normalized": 0.07135378805816825
        },
        "cost": {
            "average": 4.216423775249999,
            "average_normalized": 0.84328475505,
            "std": 0.040085690898391854,
            "std_normalized": 0.008017138179678357
        },
        "hypervolume": {
            "average": 8.693872185170003,
            "average_normalized": 0.7516349211676441,
            "std": 0.6950802743302527,
            "std_normalized": 0.06009366092275808,
            "total_hv": 1.1566615574040002
        }
    }
}