{
    "average_optimal_targets": {
        "yield": {
            "average": 97.547,
            "average_normalized": 0.97547,
            "std": 4.573847505109896,
            "std_normalized": 0.04573847505109894
        },
        "cost": {
            "average": 0.021229675800000004,
            "average_normalized": 0.9575406484,
            "std": 0.000645068620195681,
            "std_normalized": 0.0012901372403913436
        },
        "hypervolume": {
            "average_normalized": 0.9734816549263712,
            "std_normalized": 0.04275605470543795,
            "total_hv": 1.1566615574040002
        }
    },
    "auc_of_optimization": {
        "yield": {
            "average": 855.8934999999999,
            "average_normalized": 0.8558935,
            "std": 36.8373471527199,
            "std_normalized": 0.03683734715271991
        },
        "cost": {
            "average": 4.1485502341,
            "average_normalized": 0.82971004682,
            "std": 0.06960392632438309,
            "std_normalized": 0.013920785264876605
        },
        "hypervolume": {
            "average": 9.54016640295392,
            "average_normalized": 0.824801891433634,
            "std": 0.2673263015787447,
            "std_normalized": 0.02311188608867829,
            "total_hv": 1.1566615574040002
        }
    }
}