step,init_method,init_sample,batch,n_experiments,thresholds,dmaximin_pareto,acquisition,dmaximin_tradeoff,hypervolume_ground,hypervolume_sampled,hypervolume completed (%),sample_index,MAE_yield,RMSE_yield,R2_yield,MAE_cost,RMSE_cost,R2_cost,yield_collected_values,cost_collected_values,yield_best,cost_best
0,with_index,1,5,5,"[None, None]",44.59025729872857,EHVI,31.05081473182943,0.9914711713790894,0.511719286441803,51.61211956672685,42,,,,,,,55.41,0.250381171,55.41,0.029979486
0,with_index,1,5,5,"[None, None]",44.59025729872857,EHVI,31.05081473182943,0.9914711713790894,0.511719286441803,51.61211956672685,892,,,,,,,16.04,0.075709131,55.41,0.029979486
0,with_index,1,5,5,"[None, None]",44.59025729872857,EHVI,31.05081473182943,0.9914711713790894,0.511719286441803,51.61211956672685,1530,,,,,,,18.95,0.121957536,55.41,0.029979486
0,with_index,1,5,5,"[None, None]",44.59025729872857,EHVI,31.05081473182943,0.9914711713790894,0.511719286441803,51.61211956672685,124,,,,,,,2.83,0.044135794,55.41,0.029979486
0,with_index,1,5,5,"[None, None]",44.59025729872857,EHVI,31.05081473182943,0.9914711713790894,0.511719286441803,51.612119566726854,677,NaN,NaN,NaN,NaN,NaN,NaN,48.86,0.029979486,55.41,0.029979486
