step,init_method,init_sample,batch,n_experiments,thresholds,dmaximin_pareto,acquisition,dmaximin_tradeoff,hypervolume_ground,hypervolume_sampled,hypervolume completed (%),sample_index,MAE_yield,RMSE_yield,R2_yield,MAE_ee,RMSE_ee,R2_ee,yield_collected_values,ee_collected_values,yield_best,ee_best
0,with_index,1,5,5,"[None, None]",0.8515680463223169,EHVI,0.4330712478639853,0.8173030614852905,0.0956552550196647,11.703768103575902,13,,,,,,,0.144101345,0.48056183,0.179474167,0.48272019
0,with_index,1,5,5,"[None, None]",0.8515680463223169,EHVI,0.4330712478639853,0.8173030614852905,0.0956552550196647,11.703768103575902,892,,,,,,,0.132391547,0.037221965,0.179474167,0.48272019
0,with_index,1,5,5,"[None, None]",0.8515680463223169,EHVI,0.4330712478639853,0.8173030614852905,0.0956552550196647,11.703768103575902,568,,,,,,,0.032768139,0.036850744,0.179474167,0.48272019
0,with_index,1,5,5,"[None, None]",0.8515680463223169,EHVI,0.4330712478639853,0.8173030614852905,0.0956552550196647,11.703768103575902,235,,,,,,,0.179474167,0.48272019,0.179474167,0.48272019
0,with_index,1,5,5,"[None, None]",0.8515680463223169,EHVI,0.4330712478639853,0.8173030614852905,0.09565525501966476,11.703768103575902,1406,NaN,NaN,NaN,NaN,NaN,NaN,0.083412573,0.169084674,0.179474167,0.48272019
