step,init_method,init_sample,batch,n_experiments,thresholds,dmaximin_pareto,acquisition,dmaximin_tradeoff,hypervolume_ground,hypervolume_sampled,hypervolume completed (%),sample_index,MAE_yield,RMSE_yield,R2_yield,MAE_cost,RMSE_cost,R2_cost,yield_collected_values,cost_collected_values,yield_best,cost_best
0,cvtsampling,8,5,5,"[None, None]",71.3602001153974,EHVI,57.82050833241146,0.9914711713790894,0.2134181857109069,21.525405061858976,133,,,,,,,0.0,0.106523654,28.64,0.05729584
0,cvtsampling,8,5,5,"[None, None]",71.3602001153974,EHVI,57.82050833241146,0.9914711713790894,0.2134181857109069,21.525405061858976,8,,,,,,,28.64,0.267900458,28.64,0.05729584
0,cvtsampling,8,5,5,"[None, None]",71.3602001153974,EHVI,57.82050833241146,0.9914711713790894,0.2134181857109069,21.525405061858976,361,,,,,,,0.0,0.05729584,28.64,0.05729584
0,cvtsampling,8,5,5,"[None, None]",71.3602001153974,EHVI,57.82050833241146,0.9914711713790894,0.2134181857109069,21.525405061858976,1364,,,,,,,27.88,0.134987201,28.64,0.05729584
0,cvtsampling,8,5,5,"[None, None]",71.3602001153974,EHVI,57.820508332411464,0.9914711713790894,0.21341818571090698,21.525405061858976,451,NaN,NaN,NaN,NaN,NaN,NaN,0.0,0.159849137,28.64,0.05729584
