step,init_method,init_sample,batch,n_experiments,thresholds,dmaximin_pareto,acquisition,dmaximin_tradeoff,hypervolume_ground,hypervolume_sampled,hypervolume completed (%),sample_index,MAE_Conversion,RMSE_Conversion,R2_Conversion,Conversion_collected_values,Conversion_best
0,with_index,1,5,5,[None],36.290000915527344,EHVI,,1.0,0.6370999813079834,63.70999813079834,0,,,,4.76,63.709999084472656
0,with_index,1,5,5,[None],36.290000915527344,EHVI,,1.0,0.6370999813079834,63.70999813079834,7354,,,,63.709999084472656,63.709999084472656
0,with_index,1,5,5,[None],36.290000915527344,EHVI,,1.0,0.6370999813079834,63.70999813079834,8783,,,,41.16999816894531,63.709999084472656
0,with_index,1,5,5,[None],36.290000915527344,EHVI,,1.0,0.6370999813079834,63.70999813079834,8042,,,,29.1200008392334,63.709999084472656
0,with_index,1,5,5,[None],36.290000915527344,EHVI,NA,1.0,0.6370999813079834,63.70999813079834,839,NaN,NaN,NaN,36.7,63.709999084472656
