{
    "average_optimal_targets": {
        "yield": {
            "average": 91.04100000000001,
            "average_normalized": 0.9104099999999999,
            "std": 7.34647868029303,
            "std_normalized": 0.0734647868029303
        },
        "cost": {
            "average": 0.0269694406,
            "average_normalized": 0.9460611188,
            "std": 0.00527531083680333,
            "std_normalized": 0.010550621673606675
        },
        "hypervolume": {
            "average_normalized": 0.9070531680290908,
            "std_normalized": 0.06202603149677943,
            "total_hv": 1.1566615574040002
        }
    },
    "auc_of_optimization": {
        "yield": {
            "average": 766.0725,
            "average_normalized": 0.7660724999999999,
            "std": 97.68231053394467,
            "std_normalized": 0.09768231053394467
        },
        "cost": {
            "average": 4.223707107600001,
            "average_normalized": 0.84474142152,
            "std": 0.04233370859766375,
            "std_normalized": 0.008466741719532742
        },
        "hypervolume": {
            "average": 8.753584670688072,
            "average_normalized": 0.7567974066964351,
            "std": 0.9273393283928133,
            "std_normalized": 0.08017378311371605,
            "total_hv": 1.1566615574040002
        }
    }
}