{
    "average_optimal_targets": {
        "yield": {
            "average": 29.08215955609021,
            "average_normalized": 0.29082159556090215,
            "std": 4.616800960606546,
            "std_normalized": 0.04616800960606545
        },
        "ee": {
            "average": 65.02564776937812,
            "average_normalized": 0.6502564776937811,
            "std": 9.148123802846227,
            "std_normalized": 0.09148123802846228
        },
        "hypervolume": {
            "average_normalized": 0.3924336790684016,
            "std_normalized": 0.06336892551817092,
            "total_hv": 0.7032482555984807
        }
    },
    "auc_of_optimization": {
        "yield": {
            "average": 256.9034651209688,
            "average_normalized": 0.25690346512096884,
            "std": 38.14195972214493,
            "std_normalized": 0.03814195972214494
        },
        "ee": {
            "average": 571.1322828632563,
            "average_normalized": 0.5711322828632563,
            "std": 78.9199304161991,
            "std_normalized": 0.07891993041619909
        },
        "hypervolume": {
            "average": 2.362401676085619,
            "average_normalized": 0.3359271291864293,
            "std": 0.3927055672715443,
            "std_normalized": 0.055841669587554515,
            "total_hv": 0.7032482555984807
        }
    }
}