step,hv_mean,hv_std,yield_best_mean,cost_best_mean,n_experiments_mean
1,60.094585231118245,,44.4,0.132632916,1.0
2,63.24458523111824,,50.7,0.132632916,2.0
3,63.24458523111824,,50.7,0.132632916,3.0
4,69.82694120661037,,50.7,0.071746651,4.0
5,69.82694120661037,,50.7,0.071746651,5.0
6,73.22108468146699,,50.7,0.040351096,6.0
7,74.60604468645005,,50.7,0.027540327,7.0
8,74.60604468645005,,50.7,0.027540327,8.0
9,74.60604468645005,,50.7,0.027540327,9.0
10,90.30104468645006,,82.09,0.027540327,10.0
