{
    "average_optimal_targets": {
        "yield": {
            "average": 85.44300000000001,
            "average_normalized": 0.85443,
            "std": 10.657764352808709,
            "std_normalized": 0.10657764352808707
        },
        "cost": {
            "average": 0.0393491869,
            "average_normalized": 0.9213016261999998,
            "std": 0.006544768145225443,
            "std_normalized": 0.013089536290450909
        },
        "hypervolume": {
            "average_normalized": 0.7871705066662495,
            "std_normalized": 0.11198857176371527,
            "total_hv": 1.1566615574040002
        }
    },
    "auc_of_optimization": {
        "yield": {
            "average": 744.3215,
            "average_normalized": 0.7443215000000001,
            "std": 95.81876460406906,
            "std_normalized": 0.09581876460406907
        },
        "cost": {
            "average": 4.1299413005500005,
            "average_normalized": 0.8259882601099999,
            "std": 0.0678580955556691,
            "std_normalized": 0.013571619111133833
        },
        "hypervolume": {
            "average": 7.887126384769471,
            "average_normalized": 0.681887137536693,
            "std": 1.1765294507119088,
            "std_normalized": 0.10171769288784006,
            "total_hv": 1.1566615574040002
        }
    }
}