{
    "average_optimal_targets": {
        "yield": {
            "average": 96.785,
            "average_normalized": 0.96785,
            "std": 4.060012931013892,
            "std_normalized": 0.04060012931013892
        },
        "cost": {
            "average": 0.022371376800000002,
            "average_normalized": 0.9552572464000001,
            "std": 0.00254701039067491,
            "std_normalized": 0.0050940207813498185
        },
        "hypervolume": {
            "average_normalized": 0.9640347128818512,
            "std_normalized": 0.033209761981756084,
            "total_hv": 1.1566615574040002
        }
    },
    "auc_of_optimization": {
        "yield": {
            "average": 805.8055,
            "average_normalized": 0.8058055,
            "std": 58.9050724237735,
            "std_normalized": 0.058905072423773505
        },
        "cost": {
            "average": 4.112250574399999,
            "average_normalized": 0.82245011488,
            "std": 0.05121527004055121,
            "std_normalized": 0.010243054008110243
        },
        "hypervolume": {
            "average": 8.947552342922041,
            "average_normalized": 0.7735670201578964,
            "std": 0.6399023429694926,
            "std_normalized": 0.055323213508165964,
            "total_hv": 1.1566615574040002
        }
    }
}