{
    "average_optimal_targets": {
        "yield": {
            "average": 91.93199999999999,
            "average_normalized": 0.9193199999999999,
            "std": 5.500712317509433,
            "std_normalized": 0.055007123175094326
        },
        "cost": {
            "average": 0.022716954700000003,
            "average_normalized": 0.9545660906,
            "std": 0.002401731329432584,
            "std_normalized": 0.0048034626588651635
        },
        "hypervolume": {
            "average_normalized": 0.9096944718126423,
            "std_normalized": 0.04801199180440301,
            "total_hv": 1.1566615574040002
        }
    },
    "auc_of_optimization": {
        "yield": {
            "average": 738.614,
            "average_normalized": 0.7386139999999999,
            "std": 95.20235461373841,
            "std_normalized": 0.09520235461373841
        },
        "cost": {
            "average": 4.2522702799,
            "average_normalized": 0.85045405598,
            "std": 0.030794989342820493,
            "std_normalized": 0.006158997868564089
        },
        "hypervolume": {
            "average": 8.374098359513413,
            "average_normalized": 0.7239886469736365,
            "std": 0.9452126142621885,
            "std_normalized": 0.0817190307926905,
            "total_hv": 1.1566615574040002
        }
    }
}