{
    "average_optimal_targets": {
        "Conversion": {
            "average": 91.36500000000001,
            "average_normalized": 0.91365,
            "std": 5.898286615619829,
            "std_normalized": 0.05898286615619827
        },
        "hypervolume": {
            "average_normalized": 0.0,
            "std_normalized": 0.0,
            "total_hv": 0.0
        }
    },
    "auc_of_optimization": {
        "Conversion": {
            "average": 731.8804996957779,
            "average_normalized": 0.7318804996957781,
            "std": 84.0826690361933,
            "std_normalized": 0.08408266903619332
        },
        "hypervolume": {
            "average": 0.0,
            "average_normalized": 0.0,
            "std": 0.0,
            "std_normalized": 0.0,
            "total_hv": 0.0
        }
    }
}