{
    "average_optimal_targets": {
        "yield": {
            "average": 93.035,
            "average_normalized": 0.93035,
            "std": 8.623109937835656,
            "std_normalized": 0.08623109937835655
        },
        "cost": {
            "average": 0.033112405399999996,
            "average_normalized": 0.9337751892,
            "std": 0.01734186667499358,
            "std_normalized": 0.03468373334998718
        },
        "hypervolume": {
            "average_normalized": 0.8880461318697991,
            "std_normalized": 0.12158911493964537,
            "total_hv": 1.1566615574040002
        }
    },
    "auc_of_optimization": {
        "yield": {
            "average": 740.988,
            "average_normalized": 0.740988,
            "std": 92.23823481073346,
            "std_normalized": 0.09223823481073345
        },
        "cost": {
            "average": 4.1394011672,
            "average_normalized": 0.82788023344,
            "std": 0.26448875068141314,
            "std_normalized": 0.05289775013628263
        },
        "hypervolume": {
            "average": 8.10830225614813,
            "average_normalized": 0.7010090552630042,
            "std": 1.3258251621095984,
            "std_normalized": 0.1146251601103842,
            "total_hv": 1.1566615574040002
        }
    }
}