{
    "average_optimal_targets": {
        "yield": {
            "average": 94.91799999999998,
            "average_normalized": 0.9491800000000001,
            "std": 5.307556499934788,
            "std_normalized": 0.053075564999347874
        },
        "cost": {
            "average": 0.021307877600000004,
            "average_normalized": 0.9573842448000001,
            "std": 0.0008764181730443748,
            "std_normalized": 0.0017528363460887519
        },
        "hypervolume": {
            "average_normalized": 0.9467523955412414,
            "std_normalized": 0.0425934656712811,
            "total_hv": 1.1566615574040002
        }
    },
    "auc_of_optimization": {
        "yield": {
            "average": 763.8870000000001,
            "average_normalized": 0.763887,
            "std": 81.33432898229384,
            "std_normalized": 0.08133432898229384
        },
        "cost": {
            "average": 4.2528967060500005,
            "average_normalized": 0.8505793412100001,
            "std": 0.035638698944178974,
            "std_normalized": 0.007127739788835809
        },
        "hypervolume": {
            "average": 8.660975054872873,
            "average_normalized": 0.7487907763020567,
            "std": 0.7562912425238771,
            "std_normalized": 0.06538569884014213,
            "total_hv": 1.1566615574040002
        }
    }
}