{
    "average_optimal_targets": {
        "yield": {
            "average": 99.479427131,
            "average_normalized": 0.99479427131,
            "std": 0.7671565565764706,
            "std_normalized": 0.007671565565764696
        },
        "ee": {
            "average": 78.33230776499998,
            "average_normalized": 0.7833230776500001,
            "std": 9.76389619459767,
            "std_normalized": 0.09763896194597672
        },
        "hypervolume": {
            "average_normalized": 0.8372566401266971,
            "std_normalized": 0.08860634972592812,
            "total_hv": 1.0513347000794195
        }
    },
    "auc_of_optimization": {
        "yield": {
            "average": 879.8343945324999,
            "average_normalized": 0.8798343945325,
            "std": 25.27535389246281,
            "std_normalized": 0.02527535389246281
        },
        "ee": {
            "average": 596.9760302894999,
            "average_normalized": 0.5969760302895001,
            "std": 87.09026995338972,
            "std_normalized": 0.08709026995338973
        },
        "hypervolume": {
            "average": 6.937225109756108,
            "average_normalized": 0.6598493428621788,
            "std": 0.8500641661009315,
            "std_normalized": 0.08085571284165892,
            "total_hv": 1.0513347000794195
        }
    }
}