{
    "average_optimal_targets": {
        "yield": {
            "average": 85.559,
            "average_normalized": 0.85559,
            "std": 11.35078715332113,
            "std_normalized": 0.11350787153321128
        },
        "cost": {
            "average": 0.026082860899999998,
            "average_normalized": 0.9478342781999999,
            "std": 0.004461156549462919,
            "std_normalized": 0.008922313098925848
        },
        "hypervolume": {
            "average_normalized": 0.8424800598272484,
            "std_normalized": 0.09951473657459457,
            "total_hv": 1.1566615574040002
        }
    },
    "auc_of_optimization": {
        "yield": {
            "average": 666.7895000000001,
            "average_normalized": 0.6667894999999999,
            "std": 129.8250036866936,
            "std_normalized": 0.1298250036866936
        },
        "cost": {
            "average": 4.2239765087,
            "average_normalized": 0.84479530174,
            "std": 0.04806979015173857,
            "std_normalized": 0.009613958030347711
        },
        "hypervolume": {
            "average": 7.525744797238102,
            "average_normalized": 0.6506436346106989,
            "std": 1.3304499747440839,
            "std_normalized": 0.11502500158560924,
            "total_hv": 1.1566615574040002
        }
    }
}