{
    "average_optimal_targets": {
        "yield": {
            "average": 99.672,
            "average_normalized": 0.99672,
            "std": 0.5260570311287576,
            "std_normalized": 0.005260570311287561
        },
        "cost": {
            "average": 0.022858323800000004,
            "average_normalized": 0.9542833524000001,
            "std": 0.0025211542951814278,
            "std_normalized": 0.00504230859036286
        },
        "hypervolume": {
            "average_normalized": 0.9780026729975836,
            "std_normalized": 0.00689187627551029,
            "total_hv": 1.1566615574040002
        }
    },
    "auc_of_optimization": {
        "yield": {
            "average": 814.5405000000001,
            "average_normalized": 0.8145405,
            "std": 49.74706320226349,
            "std_normalized": 0.049747063202263485
        },
        "cost": {
            "average": 4.223527064000001,
            "average_normalized": 0.8447054128000001,
            "std": 0.09925677852266293,
            "std_normalized": 0.01985135570453258
        },
        "hypervolume": {
            "average": 8.955281141907301,
            "average_normalized": 0.7742352189871726,
            "std": 0.4804199016538952,
            "std_normalized": 0.041535045284304684,
            "total_hv": 1.1566615574040002
        }
    }
}