{
    "average_optimal_targets": {
        "yield": {
            "average": 0.8157083357000001,
            "average_normalized": 0.8157083357000001,
            "std": 0.09053622689468917,
            "std_normalized": 0.09053622689468917
        },
        "ee": {
            "average": 0.7993645594000001,
            "average_normalized": 0.7993645594000001,
            "std": 0.0730972125084546,
            "std_normalized": 0.0730972125084546
        },
        "hypervolume": {
            "average_normalized": 0.7511822769737699,
            "std_normalized": 0.07158017035313811,
            "total_hv": 0.9397311948740874
        }
    },
    "auc_of_optimization": {
        "yield": {
            "average": 5.846295672600001,
            "average_normalized": 0.5846295672600001,
            "std": 0.731915645937176,
            "std_normalized": 0.07319156459371759
        },
        "ee": {
            "average": 6.4745031619,
            "average_normalized": 0.6474503161899999,
            "std": 0.43097889211608537,
            "std_normalized": 0.04309788921160853
        },
        "hypervolume": {
            "average": 4.941643291272409,
            "average_normalized": 0.5258571087378374,
            "std": 0.5841207263412396,
            "std_normalized": 0.062158277763622025,
            "total_hv": 0.9397311948740874
        }
    }
}