{
    "average_optimal_targets": {
        "yield": {
            "average": 96.357,
            "average_normalized": 0.96357,
            "std": 4.881506017613828,
            "std_normalized": 0.04881506017613826
        },
        "cost": {
            "average": 0.0238562443,
            "average_normalized": 0.9522875114000001,
            "std": 0.0019491521731263596,
            "std_normalized": 0.0038983043462527123
        },
        "hypervolume": {
            "average_normalized": 0.9519814806954974,
            "std_normalized": 0.045199788820734714,
            "total_hv": 1.1566615574040002
        }
    },
    "auc_of_optimization": {
        "yield": {
            "average": 729.267,
            "average_normalized": 0.729267,
            "std": 85.07265419040363,
            "std_normalized": 0.08507265419040362
        },
        "cost": {
            "average": 4.23888432685,
            "average_normalized": 0.84777686537,
            "std": 0.04351033895597292,
            "std_normalized": 0.008702067791194607
        },
        "hypervolume": {
            "average": 8.274209933971482,
            "average_normalized": 0.7153527218923085,
            "std": 0.8654116431120824,
            "std_normalized": 0.07481978090932698,
            "total_hv": 1.1566615574040002
        }
    }
}