{
    "average_optimal_targets": {
        "yield": {
            "average": 0.9202784982999999,
            "average_normalized": 0.9202784982999999,
            "std": 0.14294406765949416,
            "std_normalized": 0.14294406765949416
        },
        "ee": {
            "average": 0.7775974522,
            "average_normalized": 0.7775974522,
            "std": 0.06465608195146157,
            "std_normalized": 0.06465608195146157
        },
        "hypervolume": {
            "average_normalized": 0.8710333948230262,
            "std_normalized": 0.11998115698483519,
            "total_hv": 0.9397311948740874
        }
    },
    "auc_of_optimization": {
        "yield": {
            "average": 6.411604812899999,
            "average_normalized": 0.6411604812899999,
            "std": 1.2842711352850233,
            "std_normalized": 0.12842711352850233
        },
        "ee": {
            "average": 6.3133518345,
            "average_normalized": 0.63133518345,
            "std": 0.550806439422605,
            "std_normalized": 0.0550806439422605
        },
        "hypervolume": {
            "average": 5.560762823755808,
            "average_normalized": 0.5917397287743419,
            "std": 1.0887118501302322,
            "std_normalized": 0.11585353940241457,
            "total_hv": 0.9397311948740874
        }
    }
}