{
    "average_optimal_targets": {
        "yield": {
            "average": 95.125,
            "average_normalized": 0.9512499999999999,
            "std": 6.092479380350828,
            "std_normalized": 0.060924793803508265
        },
        "cost": {
            "average": 0.024440021299999996,
            "average_normalized": 0.9511199573999999,
            "std": 0.004657160863959801,
            "std_normalized": 0.009314321727919593
        },
        "hypervolume": {
            "average_normalized": 0.9487864667686974,
            "std_normalized": 0.05890021320496337,
            "total_hv": 1.1566615574040002
        }
    },
    "auc_of_optimization": {
        "yield": {
            "average": 796.0125,
            "average_normalized": 0.7960125,
            "std": 55.990328952864736,
            "std_normalized": 0.05599032895286475
        },
        "cost": {
            "average": 3.9798414030500004,
            "average_normalized": 0.79596828061,
            "std": 0.05438478270584199,
            "std_normalized": 0.01087695654116839
        },
        "hypervolume": {
            "average": 8.594451504350001,
            "average_normalized": 0.7430394352898962,
            "std": 0.6408645793761861,
            "std_normalized": 0.05540640434307649,
            "total_hv": 1.1566615574040002
        }
    }
}