{
    "average_optimal_targets": {
        "yield": {
            "average": 95.05,
            "average_normalized": 0.9505000000000001,
            "std": 5.45863902451884,
            "std_normalized": 0.05458639024518839
        },
        "cost": {
            "average": 0.0251698898,
            "average_normalized": 0.9496602204,
            "std": 0.003741705408766484,
            "std_normalized": 0.00748341081753298
        },
        "hypervolume": {
            "average_normalized": 0.9392688483571131,
            "std_normalized": 0.04689372289798494,
            "total_hv": 1.1566615574040002
        }
    },
    "auc_of_optimization": {
        "yield": {
            "average": 747.5165,
            "average_normalized": 0.7475165,
            "std": 68.00461425704876,
            "std_normalized": 0.06800461425704873
        },
        "cost": {
            "average": 4.2344321768,
            "average_normalized": 0.8468864353600001,
            "std": 0.038924731639630124,
            "std_normalized": 0.007784946327926011
        },
        "hypervolume": {
            "average": 8.385386949631533,
            "average_normalized": 0.7249646100845274,
            "std": 0.6670712891437655,
            "std_normalized": 0.057672124129458734,
            "total_hv": 1.1566615574040002
        }
    }
}