{
    "average_optimal_targets": {
        "yield": {
            "average": 99.416125291,
            "average_normalized": 0.9941612529099999,
            "std": 1.1579435899815698,
            "std_normalized": 0.011579435899815709
        },
        "ee": {
            "average": 64.704237158,
            "average_normalized": 0.6470423715799999,
            "std": 15.125760815320644,
            "std_normalized": 0.15125760815320646
        },
        "hypervolume": {
            "average_normalized": 0.7445432885168125,
            "std_normalized": 0.11799989920652404,
            "total_hv": 1.0513347000794195
        }
    },
    "auc_of_optimization": {
        "yield": {
            "average": 875.4448581445,
            "average_normalized": 0.8754448581445,
            "std": 42.8437986805109,
            "std_normalized": 0.04284379868051088
        },
        "ee": {
            "average": 554.34936149,
            "average_normalized": 0.55434936149,
            "std": 124.07382508268317,
            "std_normalized": 0.12407382508268318
        },
        "hypervolume": {
            "average": 6.620606534853453,
            "average_normalized": 0.6297334744447531,
            "std": 0.9444645399013288,
            "std_normalized": 0.08983481091511417,
            "total_hv": 1.0513347000794195
        }
    }
}