{
    "average_optimal_targets": {
        "yield": {
            "average": 96.656,
            "average_normalized": 0.9665600000000001,
            "std": 5.070686738500023,
            "std_normalized": 0.050706867385000215
        },
        "cost": {
            "average": 0.0240646099,
            "average_normalized": 0.9518707801999999,
            "std": 0.004783552257257224,
            "std_normalized": 0.009567104514514436
        },
        "hypervolume": {
            "average_normalized": 0.9593085374641351,
            "std_normalized": 0.04755530840526269,
            "total_hv": 1.1566615574040002
        }
    },
    "auc_of_optimization": {
        "yield": {
            "average": 821.6780000000001,
            "average_normalized": 0.821678,
            "std": 54.54377183510507,
            "std_normalized": 0.054543771835105094
        },
        "cost": {
            "average": 4.21540768965,
            "average_normalized": 0.8430815379300001,
            "std": 0.04862540445066133,
            "std_normalized": 0.009725080890132255
        },
        "hypervolume": {
            "average": 9.28866448684244,
            "average_normalized": 0.8030581138781709,
            "std": 0.5441181693457599,
            "std_normalized": 0.04704212445401688,
            "total_hv": 1.1566615574040002
        }
    }
}