{
    "average_optimal_targets": {
        "yield": {
            "average": 96.608,
            "average_normalized": 0.96608,
            "std": 4.788389708451057,
            "std_normalized": 0.04788389708451057
        },
        "cost": {
            "average": 0.025001179499999998,
            "average_normalized": 0.9499976409999998,
            "std": 0.006106921501316867,
            "std_normalized": 0.012213843002633723
        },
        "hypervolume": {
            "average_normalized": 0.9535297609704113,
            "std_normalized": 0.04066599063943654,
            "total_hv": 1.1566615574040002
        }
    },
    "auc_of_optimization": {
        "yield": {
            "average": 801.668,
            "average_normalized": 0.801668,
            "std": 62.38719564942794,
            "std_normalized": 0.06238719564942795
        },
        "cost": {
            "average": 4.18888469015,
            "average_normalized": 0.83777693803,
            "std": 0.051136547146787024,
            "std_normalized": 0.01022730942935739
        },
        "hypervolume": {
            "average": 8.882835345232982,
            "average_normalized": 0.7679718659596096,
            "std": 0.7835206757534333,
            "std_normalized": 0.06773983891294524,
            "total_hv": 1.1566615574040002
        }
    }
}