{
    "average_optimal_targets": {
        "yield": {
            "average": 96.317,
            "average_normalized": 0.9631700000000001,
            "std": 4.618398098908322,
            "std_normalized": 0.04618398098908321
        },
        "cost": {
            "average": 0.0208092579,
            "average_normalized": 0.9583814842,
            "std": 0.00033007961547070716,
            "std_normalized": 0.000660159230941408
        },
        "hypervolume": {
            "average_normalized": 0.9636622510321577,
            "std_normalized": 0.038222180468474046,
            "total_hv": 1.1566615574040002
        }
    },
    "auc_of_optimization": {
        "yield": {
            "average": 823.4404999999999,
            "average_normalized": 0.8234405,
            "std": 46.84176461503134,
            "std_normalized": 0.04684176461503133
        },
        "cost": {
            "average": 4.227499524650001,
            "average_normalized": 0.8454999049299999,
            "std": 0.04377930807717685,
            "std_normalized": 0.008755861615435382
        },
        "hypervolume": {
            "average": 9.310404795892591,
            "average_normalized": 0.8049376878046134,
            "std": 0.44320187115111603,
            "std_normalized": 0.03831733390931,
            "total_hv": 1.1566615574040002
        }
    }
}