{
    "average_optimal_targets": {
        "yield": {
            "average": 89.819,
            "average_normalized": 0.8981899999999999,
            "std": 9.677584874337192,
            "std_normalized": 0.0967758487433719
        },
        "cost": {
            "average": 0.030292501899999998,
            "average_normalized": 0.9394149962,
            "std": 0.0027548814234184173,
            "std_normalized": 0.00550976284683683
        },
        "hypervolume": {
            "average_normalized": 0.8896957350078187,
            "std_normalized": 0.08219554086320781,
            "total_hv": 1.1566615574040002
        }
    },
    "auc_of_optimization": {
        "yield": {
            "average": 754.4755,
            "average_normalized": 0.7544755000000001,
            "std": 118.01904658676918,
            "std_normalized": 0.11801904658676918
        },
        "cost": {
            "average": 4.19718639875,
            "average_normalized": 0.83943727975,
            "std": 0.030633178090901988,
            "std_normalized": 0.0061266356181804
        },
        "hypervolume": {
            "average": 8.563875912702475,
            "average_normalized": 0.7403960007042294,
            "std": 1.175362816841986,
            "std_normalized": 0.10161683072444792,
            "total_hv": 1.1566615574040002
        }
    }
}