{
    "average_optimal_targets": {
        "yield": {
            "average": 96.508,
            "average_normalized": 0.96508,
            "std": 4.276809090899431,
            "std_normalized": 0.04276809090899431
        },
        "cost": {
            "average": 0.021560355000000003,
            "average_normalized": 0.95687929,
            "std": 0.002472236734823751,
            "std_normalized": 0.00494447346964751
        },
        "hypervolume": {
            "average_normalized": 0.9668168712545755,
            "std_normalized": 0.03497097875997614,
            "total_hv": 1.1566615574040002
        }
    },
    "auc_of_optimization": {
        "yield": {
            "average": 824.2729999999999,
            "average_normalized": 0.824273,
            "std": 54.418429607992174,
            "std_normalized": 0.05441842960799218
        },
        "cost": {
            "average": 4.1801322868,
            "average_normalized": 0.83602645736,
            "std": 0.07630916317186887,
            "std_normalized": 0.015261832634373761
        },
        "hypervolume": {
            "average": 9.284213435390251,
            "average_normalized": 0.8026732950499061,
            "std": 0.4677184157002888,
            "std_normalized": 0.04043692925612843,
            "total_hv": 1.1566615574040002
        }
    }
}