{
    "average_optimal_targets": {
        "yield": {
            "average": 89.345,
            "average_normalized": 0.89345,
            "std": 14.290037263772268,
            "std_normalized": 0.14290037263772265
        },
        "cost": {
            "average": 0.025806313000000004,
            "average_normalized": 0.948387374,
            "std": 0.01007382222213417,
            "std_normalized": 0.02014764444426833
        },
        "hypervolume": {
            "average_normalized": 0.8867139953610886,
            "std_normalized": 0.15586909626638543,
            "total_hv": 1.1566615574040002
        }
    },
    "auc_of_optimization": {
        "yield": {
            "average": 720.4649999999999,
            "average_normalized": 0.7204650000000001,
            "std": 126.01131528557266,
            "std_normalized": 0.12601131528557266
        },
        "cost": {
            "average": 4.2209095044,
            "average_normalized": 0.84418190088,
            "std": 0.11513153837207753,
            "std_normalized": 0.023026307674415512
        },
        "hypervolume": {
            "average": 8.199450404168031,
            "average_normalized": 0.7088893334166648,
            "std": 1.4922428105772179,
            "std_normalized": 0.12901291661550446,
            "total_hv": 1.1566615574040002
        }
    }
}