{
    "average_optimal_targets": {
        "yield": {
            "average": 97.804,
            "average_normalized": 0.97804,
            "std": 3.8476855380865014,
            "std_normalized": 0.038476855380865
        },
        "cost": {
            "average": 0.0224108795,
            "average_normalized": 0.9551782409999999,
            "std": 0.0029658661733618476,
            "std_normalized": 0.0059317323467237065
        },
        "hypervolume": {
            "average_normalized": 0.9744987594315477,
            "std_normalized": 0.03366939456528831,
            "total_hv": 1.1566615574040002
        }
    },
    "auc_of_optimization": {
        "yield": {
            "average": 755.2025,
            "average_normalized": 0.7552025,
            "std": 94.99366519010623,
            "std_normalized": 0.09499366519010621
        },
        "cost": {
            "average": 4.250170689550001,
            "average_normalized": 0.85003413791,
            "std": 0.06063071136432948,
            "std_normalized": 0.012126142272865893
        },
        "hypervolume": {
            "average": 8.59424849422011,
            "average_normalized": 0.743021883904308,
            "std": 0.9994789405559825,
            "std_normalized": 0.08641066474096393,
            "total_hv": 1.1566615574040002
        }
    }
}