{
    "average_optimal_targets": {
        "yield": {
            "average": 99.394,
            "average_normalized": 0.99394,
            "std": 0.6987302770025098,
            "std_normalized": 0.006987302770025068
        },
        "cost": {
            "average": 0.0221215204,
            "average_normalized": 0.9557569592,
            "std": 0.0015918903529535695,
            "std_normalized": 0.0031837807059071285
        },
        "hypervolume": {
            "average_normalized": 0.9780613941434236,
            "std_normalized": 0.012409075205735372,
            "total_hv": 1.1566615574040002
        }
    },
    "auc_of_optimization": {
        "yield": {
            "average": 818.6119999999999,
            "average_normalized": 0.8186120000000001,
            "std": 41.961500700046486,
            "std_normalized": 0.04196150070004649
        },
        "cost": {
            "average": 4.235830825949999,
            "average_normalized": 0.84716616519,
            "std": 0.032595746910562384,
            "std_normalized": 0.006519149382112477
        },
        "hypervolume": {
            "average": 9.05603973472383,
            "average_normalized": 0.7829463750009223,
            "std": 0.4104775102739119,
            "std_normalized": 0.035488125947159804,
            "total_hv": 1.1566615574040002
        }
    }
}