{
    "average_optimal_targets": {
        "yield": {
            "average": 89.984,
            "average_normalized": 0.89984,
            "std": 9.47645946543328,
            "std_normalized": 0.09476459465433278
        },
        "cost": {
            "average": 0.034078894400000004,
            "average_normalized": 0.9318422111999999,
            "std": 0.0070926884127676905,
            "std_normalized": 0.014185376825535369
        },
        "hypervolume": {
            "average_normalized": 0.8817239632444563,
            "std_normalized": 0.07205502867926808,
            "total_hv": 1.1566615574040002
        }
    },
    "auc_of_optimization": {
        "yield": {
            "average": 765.29,
            "average_normalized": 0.76529,
            "std": 103.6183993313929,
            "std_normalized": 0.10361839933139287
        },
        "cost": {
            "average": 4.17034419625,
            "average_normalized": 0.8340688392499999,
            "std": 0.0692750572080434,
            "std_normalized": 0.01385501144160869
        },
        "hypervolume": {
            "average": 8.640277669682423,
            "average_normalized": 0.7470013691018293,
            "std": 0.9328164655326469,
            "std_normalized": 0.08064731291201993,
            "total_hv": 1.1566615574040002
        }
    }
}