{
    "average_optimal_targets": {
        "yield": {
            "average": 95.455,
            "average_normalized": 0.95455,
            "std": 5.758416883137241,
            "std_normalized": 0.05758416883137238
        },
        "cost": {
            "average": 0.0208790704,
            "average_normalized": 0.9582418592000002,
            "std": 0.0006608111999999999,
            "std_normalized": 0.0013216223999999999
        },
        "hypervolume": {
            "average_normalized": 0.9580604702293598,
            "std_normalized": 0.053160552148779315,
            "total_hv": 1.1566615574040002
        }
    },
    "auc_of_optimization": {
        "yield": {
            "average": 816.1424999999999,
            "average_normalized": 0.8161425,
            "std": 61.62874147871266,
            "std_normalized": 0.06162874147871267
        },
        "cost": {
            "average": 4.2630778364,
            "average_normalized": 0.8526155672800002,
            "std": 0.02556961925298322,
            "std_normalized": 0.0051139238505966585
        },
        "hypervolume": {
            "average": 9.350043720946971,
            "average_normalized": 0.8083646993449076,
            "std": 0.6357741935450766,
            "std_normalized": 0.05496631140504072,
            "total_hv": 1.1566615574040002
        }
    }
}