{
    "average_optimal_targets": {
        "yield": {
            "average": 94.68699999999998,
            "average_normalized": 0.94687,
            "std": 4.489004455333055,
            "std_normalized": 0.044890044553330524
        },
        "cost": {
            "average": 0.0250413033,
            "average_normalized": 0.9499173934,
            "std": 0.005547127494174531,
            "std_normalized": 0.011094254988349095
        },
        "hypervolume": {
            "average_normalized": 0.9423520418592156,
            "std_normalized": 0.03472414994427626,
            "total_hv": 1.1566615574040002
        }
    },
    "auc_of_optimization": {
        "yield": {
            "average": 833.4234999999999,
            "average_normalized": 0.8334235,
            "std": 34.58590356272334,
            "std_normalized": 0.03458590356272335
        },
        "cost": {
            "average": 4.18798197245,
            "average_normalized": 0.83759639449,
            "std": 0.046702480032235205,
            "std_normalized": 0.00934049600644705
        },
        "hypervolume": {
            "average": 9.37108717220514,
            "average_normalized": 0.810184025933871,
            "std": 0.3004303902392094,
            "std_normalized": 0.025973923687192677,
            "total_hv": 1.1566615574040002
        }
    }
}