{
    "average_optimal_targets": {
        "yield": {
            "average": 93.636,
            "average_normalized": 0.93636,
            "std": 7.0282504224024365,
            "std_normalized": 0.07028250422402435
        },
        "cost": {
            "average": 0.0280366135,
            "average_normalized": 0.9439267729999999,
            "std": 0.008044743573000338,
            "std_normalized": 0.016089487146000666
        },
        "hypervolume": {
            "average_normalized": 0.9277790052168537,
            "std_normalized": 0.05324754661259018,
            "total_hv": 1.1566615574040002
        }
    },
    "auc_of_optimization": {
        "yield": {
            "average": 766.5449999999998,
            "average_normalized": 0.766545,
            "std": 96.31605644958685,
            "std_normalized": 0.09631605644958686
        },
        "cost": {
            "average": 4.210572624799999,
            "average_normalized": 0.8421145249599998,
            "std": 0.06873563076026543,
            "std_normalized": 0.013747126152053084
        },
        "hypervolume": {
            "average": 8.709323190480191,
            "average_normalized": 0.7529707488530448,
            "std": 0.9178480391055027,
            "std_normalized": 0.07935320692817975,
            "total_hv": 1.1566615574040002
        }
    }
}