{
    "average_optimal_targets": {
        "yield": {
            "average": 96.18499999999999,
            "average_normalized": 0.9618500000000001,
            "std": 4.437801820721607,
            "std_normalized": 0.044378018207216034
        },
        "cost": {
            "average": 0.025023415900000002,
            "average_normalized": 0.9499531681999999,
            "std": 0.003875502745317578,
            "std_normalized": 0.007751005490635176
        },
        "hypervolume": {
            "average_normalized": 0.9422928290593078,
            "std_normalized": 0.03443416759062227,
            "total_hv": 1.1566615574040002
        }
    },
    "auc_of_optimization": {
        "yield": {
            "average": 764.7364999999999,
            "average_normalized": 0.7647365,
            "std": 78.10520114083313,
            "std_normalized": 0.07810520114083315
        },
        "cost": {
            "average": 4.2427835442,
            "average_normalized": 0.84855670884,
            "std": 0.052158652306980295,
            "std_normalized": 0.010431730461396057
        },
        "hypervolume": {
            "average": 8.513092052448782,
            "average_normalized": 0.7360054458415201,
            "std": 0.9651415960062303,
            "std_normalized": 0.08344200512485127,
            "total_hv": 1.1566615574040002
        }
    }
}