{
    "average_optimal_targets": {
        "yield": {
            "average": 96.18499999999999,
            "average_normalized": 0.9618500000000001,
            "std": 4.437801820721607,
            "std_normalized": 0.044378018207216034
        },
        "cost": {
            "average": 0.025023415900000002,
            "average_normalized": 0.9499531681999999,
            "std": 0.003875502745317578,
            "std_normalized": 0.007751005490635176
        },
        "hypervolume": {
            "average_normalized": 0.0,
            "std_normalized": 0.0,
            "total_hv": 0.0
        }
    },
    "auc_of_optimization": {
        "yield": {
            "average": 764.7364999999999,
            "average_normalized": 0.7647365,
            "std": 78.10520114083313,
            "std_normalized": 0.07810520114083315
        },
        "cost": {
            "average": 4.2427835442,
            "average_normalized": 0.84855670884,
            "std": 0.052158652306980295,
            "std_normalized": 0.010431730461396057
        },
        "hypervolume": {
            "average": 0.0,
            "average_normalized": 0.0,
            "std": 0.0,
            "std_normalized": 0.0,
            "total_hv": 0.0
        }
    }
}