{
    "average_optimal_targets": {
        "yield": {
            "average": 91.684,
            "average_normalized": 0.91684,
            "std": 6.707214324889284,
            "std_normalized": 0.06707214324889284
        },
        "cost": {
            "average": 0.0235259704,
            "average_normalized": 0.9529480591999999,
            "std": 0.002196744966575693,
            "std_normalized": 0.0043934899331513734
        },
        "hypervolume": {
            "average_normalized": 0.9065415824457086,
            "std_normalized": 0.06147428538467346,
            "total_hv": 1.1566615574040002
        }
    },
    "auc_of_optimization": {
        "yield": {
            "average": 719.0375,
            "average_normalized": 0.7190375,
            "std": 77.77195163585651,
            "std_normalized": 0.0777719516358565
        },
        "cost": {
            "average": 4.2548769083,
            "average_normalized": 0.85097538166,
            "std": 0.03284628487744314,
            "std_normalized": 0.006569256975488607
        },
        "hypervolume": {
            "average": 8.163997738479901,
            "average_normalized": 0.7058242479159675,
            "std": 0.8568685822643007,
            "std_normalized": 0.07408118448990803,
            "total_hv": 1.1566615574040002
        }
    }
}