{
    "average_optimal_targets": {
        "yield": {
            "average": 78.29799999999999,
            "average_normalized": 0.78298,
            "std": 8.057566381979115,
            "std_normalized": 0.08057566381979114
        },
        "cost": {
            "average": 0.0389384036,
            "average_normalized": 0.9221231928,
            "std": 0.010790905633993925,
            "std_normalized": 0.021581811267987847
        },
        "hypervolume": {
            "average_normalized": 0.7106924462766598,
            "std_normalized": 0.09544906590191557,
            "total_hv": 1.1566615574040002
        }
    },
    "auc_of_optimization": {
        "yield": {
            "average": 680.2620000000001,
            "average_normalized": 0.680262,
            "std": 85.13849925856103,
            "std_normalized": 0.08513849925856104
        },
        "cost": {
            "average": 4.10398225155,
            "average_normalized": 0.8207964503099999,
            "std": 0.15247023758549605,
            "std_normalized": 0.030494047517099214
        },
        "hypervolume": {
            "average": 6.946819066209831,
            "average_normalized": 0.6005921975829476,
            "std": 1.1557641888647585,
            "std_normalized": 0.09992241736284074,
            "total_hv": 1.1566615574040002
        }
    }
}