{
    "average_optimal_targets": {
        "yield": {
            "average": 95.039,
            "average_normalized": 0.95039,
            "std": 3.8330730491343377,
            "std_normalized": 0.03833073049134338
        },
        "cost": {
            "average": 0.023703255700000002,
            "average_normalized": 0.9525934885999998,
            "std": 0.0035284483284708035,
            "std_normalized": 0.007056896656941607
        },
        "hypervolume": {
            "average_normalized": 0.9449017198199142,
            "std_normalized": 0.032470381985383455,
            "total_hv": 1.1566615574040002
        }
    },
    "auc_of_optimization": {
        "yield": {
            "average": 751.792,
            "average_normalized": 0.7517919999999999,
            "std": 55.09180833844537,
            "std_normalized": 0.055091808338445375
        },
        "cost": {
            "average": 4.23940999275,
            "average_normalized": 0.8478819985499999,
            "std": 0.048295333248832485,
            "std_normalized": 0.0096590666497665
        },
        "hypervolume": {
            "average": 8.521257749978902,
            "average_normalized": 0.7367114170461349,
            "std": 0.5247296124863987,
            "std_normalized": 0.045365872940749986,
            "total_hv": 1.1566615574040002
        }
    }
}